decision_code,household_code,appliance,window,response,wait,suggested_wait_hours,decision_phase,study_day,local_hour,calendar_day,weekday_local
D0001,H02,phone_charging,bad,accept,FALSE,10,nudge,8,0,8,3
D0002,H02,phone_charging,bad,accept,FALSE,10,nudge,9,0,9,4
D0003,H02,phone_charging,bad,accept,FALSE,9,nudge,10,1,10,5
D0004,H02,phone_charging,bad,accept,FALSE,10,nudge,11,0,11,6
D0005,H02,phone_charging,bad,accept,FALSE,14,nudge,12,20,12,7
D0006,H02,phone_charging,bad,accept,FALSE,12,nudge,12,22,11,6
D0007,H04,washing_machine,bad,accept,FALSE,3,nudge,9,7,9,4
D0008,H04,washing_machine,bad,accept,FALSE,14,nudge,9,20,9,4
D0009,H04,washing_machine,bad,accept,FALSE,3,nudge,10,7,10,5
D0010,H04,washing_machine,bad,accept,FALSE,14,nudge,10,20,10,5
D0011,H04,phone_charging,bad,accept,FALSE,11,nudge,11,23,10,5
D0012,H04,phone_charging,bad,accept,FALSE,12,nudge,12,22,11,6
D0013,H04,phone_charging,bad,accept,FALSE,14,nudge,13,20,13,1
D0014,H04,washing_machine,bad,accept,FALSE,3,nudge,14,7,14,2
D0015,H04,phone_charging,bad,decline,TRUE,3,nudge,14,7,14,2
D0016,H04,phone_charging,bad,accept,FALSE,13,nudge,14,21,14,2
D0017,H05,phone_charging,bad,accept,FALSE,5,nudge,9,5,10,5
D0018,H05,phone_charging,bad,accept,FALSE,12,nudge,9,22,9,4
D0019,H05,phone_charging,bad,accept,FALSE,10,nudge,10,0,11,6
D0020,H05,phone_charging,bad,accept,FALSE,10,nudge,11,0,12,7
D0021,H05,phone_charging,bad,accept,FALSE,11,nudge,12,23,12,7
D0022,H05,phone_charging,bad,accept,FALSE,10,nudge,13,0,14,2
D0023,H06,phone_charging,bad,decline,TRUE,14,nudge,10,20,15,3
D0024,H06,phone_charging,bad,decline,TRUE,12,nudge,14,22,19,7
D0025,H07,phone_charging,bad,accept,FALSE,12,nudge,8,22,3,5
D0026,H07,phone_charging,bad,decline,TRUE,5,nudge,10,5,6,1
D0027,H07,dishwasher,bad,accept,FALSE,5,nudge,10,5,6,1
D0028,H07,phone_charging,bad,accept,FALSE,10,nudge,12,0,8,3
D0029,H09,phone_charging,bad,accept,FALSE,14,nudge,8,20,10,5
D0030,H09,phone_charging,bad,accept,FALSE,14,nudge,10,20,12,7
D0031,H09,phone_charging,bad,accept,FALSE,10,nudge,13,0,16,4
D0032,H09,phone_charging,bad,accept,FALSE,13,nudge,13,21,15,3
D0033,H10,phone_charging,bad,accept,FALSE,14,nudge,8,20,9,4
D0034,H10,phone_charging,bad,accept,FALSE,10,nudge,10,0,11,6
D0035,H10,phone_charging,bad,accept,FALSE,12,nudge,12,22,13,1
D0036,H10,phone_charging,bad,accept,FALSE,11,nudge,12,23,12,7
D0037,H11,washing_machine,bad,accept,FALSE,12,nudge,8,22,14,2
D0038,H11,phone_charging,bad,accept,FALSE,12,nudge,8,22,14,2
D0039,H11,phone_charging,bad,accept,FALSE,12,nudge,13,22,19,7
D0040,H13,phone_charging,bad,accept,FALSE,10,nudge,10,0,6,1
D0041,H14,phone_charging,bad,decline,TRUE,4,nudge,9,6,6,1
D0042,H14,washing_machine,bad,accept,FALSE,4,nudge,9,6,6,1
D0043,H16,dishwasher,bad,decline,TRUE,14,nudge,8,,,
D0044,H16,phone_charging,bad,accept,FALSE,5,nudge,10,,,
D0045,H16,phone_charging,bad,accept,FALSE,4,nudge,11,,,
D0046,H16,dishwasher,bad,decline,TRUE,14,nudge,12,,,
D0047,H16,phone_charging,bad,decline,TRUE,4,nudge,13,,,
D0048,H17,phone_charging,bad,accept,FALSE,3,nudge,13,7,13,1
D0049,H17,phone_charging,bad,accept,FALSE,12,nudge,13,22,12,7
D0050,H17,phone_charging,bad,accept,FALSE,13,nudge,14,21,13,1
D0051,H18,phone_charging,bad,accept,FALSE,3,nudge,9,,,
D0052,H19,phone_charging,bad,accept,FALSE,3,nudge,8,,,
D0053,H21,phone_charging,bad,accept,FALSE,14,nudge,12,20,19,7
D0054,H21,washing_machine,bad,accept,FALSE,14,nudge,12,20,19,7
D0055,H23,phone_charging,bad,accept,FALSE,13,nudge,10,21,13,1
D0056,H23,phone_charging,bad,accept,FALSE,14,nudge,11,20,15,3
D0057,H23,phone_charging,bad,accept,FALSE,4,nudge,13,6,17,5
D0058,H25,phone_charging,bad,accept,FALSE,11,nudge,9,23,5,7
D0059,H26,phone_charging,bad,accept,FALSE,14,nudge,8,20,6,1
D0060,H26,phone_charging,bad,decline,TRUE,3,nudge,9,7,8,3
D0061,H26,phone_charging,bad,decline,TRUE,13,nudge,10,21,8,3
D0062,H26,phone_charging,bad,accept,FALSE,12,nudge,11,22,9,4
D0063,H27,phone_charging,bad,accept,FALSE,14,nudge,9,20,12,7
D0064,H27,phone_charging,bad,accept,FALSE,12,nudge,10,22,13,1
D0065,H28,phone_charging,bad,accept,FALSE,4,nudge,8,,,
D0066,H28,phone_charging,bad,accept,FALSE,5,nudge,12,,,
D0067,H28,washing_machine,bad,accept,FALSE,15,nudge,14,,,
D0068,H31,phone_charging,bad,accept,FALSE,10,nudge,10,0,9,4
D0069,H31,phone_charging,bad,accept,FALSE,11,nudge,14,23,12,7
D0070,H31,washing_machine,bad,decline,TRUE,11,nudge,14,23,12,7
D0071,H32,phone_charging,bad,accept,FALSE,4,nudge,10,,,
D0072,H32,phone_charging,bad,accept,FALSE,5,nudge,13,,,
D0073,H33,washing_machine,bad,accept,FALSE,10,nudge,8,0,5,7
D0074,H33,phone_charging,bad,accept,FALSE,10,nudge,8,0,5,7
D0075,H33,phone_charging,bad,accept,FALSE,14,nudge,10,20,6,1
D0076,H33,phone_charging,bad,accept,FALSE,3,nudge,11,7,8,3
D0077,H36,phone_charging,bad,accept,FALSE,3,nudge,8,,,
D0078,H40,phone_charging,bad,accept,FALSE,12,nudge,8,22,8,3
D0079,H47,phone_charging,bad,decline,TRUE,3,nudge,10,,,
D0080,H47,dishwasher,bad,accept,FALSE,14,nudge,10,,,
D0081,H47,phone_charging,bad,accept,FALSE,3,nudge,13,,,
D0082,H49,washing_machine,bad,accept,FALSE,3,nudge,8,7,8,3
D0083,H49,phone_charging,bad,accept,FALSE,11,nudge,8,23,7,2
D0084,H50,phone_charging,bad,accept,FALSE,4,nudge,13,,,
D0085,H51,phone_charging,bad,accept,FALSE,11,nudge,12,23,10,5
D0086,H52,phone_charging,bad,accept,FALSE,13,nudge,9,21,5,7
D0087,H52,dishwasher,bad,accept,FALSE,12,nudge,10,22,6,1
D0088,H52,phone_charging,bad,accept,FALSE,12,nudge,10,22,6,1
D0089,H52,phone_charging,bad,accept,FALSE,3,nudge,11,7,8,3
D0090,H52,dishwasher,bad,accept,FALSE,11,nudge,12,23,8,3
D0091,H52,phone_charging,bad,accept,FALSE,11,nudge,12,23,8,3
D0092,H53,phone_charging,bad,accept,FALSE,3,nudge,11,,,
D0093,H53,phone_charging,bad,accept,FALSE,3,nudge,13,,,
D0094,H53,dishwasher,bad,decline,TRUE,13,nudge,14,,,
D0095,H54,phone_charging,bad,accept,FALSE,11,nudge,11,23,7,2
D0096,H54,phone_charging,bad,accept,FALSE,15,nudge,14,19,10,5
D0097,H56,dishwasher,bad,decline,TRUE,13,nudge,9,,,
D0098,H56,phone_charging,bad,accept,FALSE,3,nudge,12,,,
D0099,H58,phone_charging,bad,accept,FALSE,3,nudge,8,,,
D0100,H58,phone_charging,bad,decline,TRUE,5,nudge,10,,,
D0101,H58,dishwasher,bad,decline,TRUE,14,nudge,14,,,
D0102,H59,washing_machine,bad,accept,FALSE,13,nudge,8,21,11,6
D0103,H59,phone_charging,bad,accept,FALSE,13,nudge,8,21,11,6
D0104,H59,phone_charging,bad,accept,FALSE,12,nudge,9,22,12,7
D0105,H59,phone_charging,bad,accept,FALSE,15,nudge,10,19,13,1
D0106,H59,phone_charging,bad,accept,FALSE,14,nudge,13,20,16,4
D0107,H60,phone_charging,bad,accept,FALSE,3,nudge,12,7,11,6
D0108,H61,phone_charging,bad,accept,FALSE,11,nudge,14,23,15,3
D0109,H63,dishwasher,bad,accept,FALSE,14,nudge,8,,,
D0110,H63,phone_charging,bad,decline,TRUE,5,nudge,9,,,
D0111,H63,dishwasher,bad,decline,TRUE,14,nudge,11,,,
D0112,H64,phone_charging,bad,accept,FALSE,12,nudge,12,22,16,4
D0113,H65,phone_charging,bad,accept,FALSE,3,nudge,11,,,
D0114,H65,phone_charging,bad,decline,TRUE,3,nudge,12,,,
D0115,H66,phone_charging,bad,accept,FALSE,14,nudge,8,20,12,7
D0116,H66,dishwasher,bad,accept,FALSE,10,nudge,9,0,14,2
D0117,H66,phone_charging,bad,accept,FALSE,13,nudge,9,21,13,1
D0118,H66,phone_charging,bad,accept,FALSE,14,nudge,10,20,14,2
D0119,H66,phone_charging,bad,accept,FALSE,15,nudge,11,19,15,3
D0120,H66,phone_charging,bad,accept,FALSE,14,nudge,12,20,16,4
D0121,H66,phone_charging,bad,accept,FALSE,14,nudge,13,20,17,5
D0122,H66,dishwasher,bad,accept,FALSE,15,nudge,14,19,18,6
D0123,H66,phone_charging,bad,accept,FALSE,15,nudge,14,19,18,6
D0124,H67,dishwasher,bad,accept,FALSE,15,nudge,12,,,
D0125,H69,phone_charging,bad,decline,TRUE,11,nudge,10,23,6,1
D0126,H69,phone_charging,bad,accept,FALSE,12,nudge,11,22,7,2
D0127,H69,phone_charging,bad,accept,FALSE,9,nudge,12,1,9,4
D0128,H72,phone_charging,bad,accept,FALSE,14,nudge,12,20,8,3
D0129,H73,phone_charging,bad,accept,FALSE,4,nudge,8,6,22,3
D0130,H74,phone_charging,bad,accept,FALSE,12,nudge,11,22,8,3
D0131,H75,phone_charging,bad,accept,FALSE,4,nudge,10,,,
D0132,H76,phone_charging,bad,accept,FALSE,3,nudge,12,,,
D0133,H77,phone_charging,bad,accept,FALSE,10,nudge,13,0,10,5
D0134,H78,phone_charging,bad,accept,FALSE,6,nudge,9,4,5,7
D0135,H78,phone_charging,bad,accept,FALSE,11,nudge,11,23,6,1
D0136,H78,phone_charging,bad,accept,FALSE,12,nudge,12,22,7,2
D0137,H78,phone_charging,bad,accept,FALSE,9,nudge,13,1,9,4
D0138,H78,phone_charging,bad,accept,FALSE,9,nudge,14,1,10,5
D0139,H79,washing_machine,bad,accept,FALSE,15,nudge,11,19,19,7
