analysis_set,decision_code
bad_window_decisions,D0001
bad_window_decisions,D0002
bad_window_decisions,D0003
bad_window_decisions,D0004
bad_window_decisions,D0005
bad_window_decisions,D0006
bad_window_decisions,D0007
bad_window_decisions,D0008
bad_window_decisions,D0009
bad_window_decisions,D0010
bad_window_decisions,D0011
bad_window_decisions,D0012
bad_window_decisions,D0013
bad_window_decisions,D0014
bad_window_decisions,D0015
bad_window_decisions,D0016
bad_window_decisions,D0017
bad_window_decisions,D0018
bad_window_decisions,D0019
bad_window_decisions,D0020
bad_window_decisions,D0021
bad_window_decisions,D0022
bad_window_decisions,D0023
bad_window_decisions,D0024
bad_window_decisions,D0025
bad_window_decisions,D0026
bad_window_decisions,D0027
bad_window_decisions,D0028
bad_window_decisions,D0029
bad_window_decisions,D0030
bad_window_decisions,D0031
bad_window_decisions,D0032
bad_window_decisions,D0033
bad_window_decisions,D0034
bad_window_decisions,D0035
bad_window_decisions,D0036
bad_window_decisions,D0037
bad_window_decisions,D0038
bad_window_decisions,D0039
bad_window_decisions,D0040
bad_window_decisions,D0041
bad_window_decisions,D0042
bad_window_decisions,D0048
bad_window_decisions,D0049
bad_window_decisions,D0050
bad_window_decisions,D0053
bad_window_decisions,D0054
bad_window_decisions,D0055
bad_window_decisions,D0056
bad_window_decisions,D0057
bad_window_decisions,D0058
bad_window_decisions,D0059
bad_window_decisions,D0060
bad_window_decisions,D0061
bad_window_decisions,D0062
bad_window_decisions,D0063
bad_window_decisions,D0064
bad_window_decisions,D0068
bad_window_decisions,D0069
bad_window_decisions,D0070
bad_window_decisions,D0073
bad_window_decisions,D0074
bad_window_decisions,D0075
bad_window_decisions,D0076
bad_window_decisions,D0078
bad_window_decisions,D0082
bad_window_decisions,D0083
bad_window_decisions,D0085
bad_window_decisions,D0086
bad_window_decisions,D0087
bad_window_decisions,D0088
bad_window_decisions,D0089
bad_window_decisions,D0090
bad_window_decisions,D0091
bad_window_decisions,D0095
bad_window_decisions,D0096
bad_window_decisions,D0102
bad_window_decisions,D0103
bad_window_decisions,D0104
bad_window_decisions,D0105
bad_window_decisions,D0106
bad_window_decisions,D0107
bad_window_decisions,D0108
bad_window_decisions,D0112
bad_window_decisions,D0115
bad_window_decisions,D0116
bad_window_decisions,D0117
bad_window_decisions,D0118
bad_window_decisions,D0119
bad_window_decisions,D0120
bad_window_decisions,D0121
bad_window_decisions,D0122
bad_window_decisions,D0123
bad_window_decisions,D0125
bad_window_decisions,D0126
bad_window_decisions,D0127
bad_window_decisions,D0128
bad_window_decisions,D0129
bad_window_decisions,D0130
bad_window_decisions,D0133
bad_window_decisions,D0134
bad_window_decisions,D0135
bad_window_decisions,D0136
bad_window_decisions,D0137
bad_window_decisions,D0138
bad_window_decisions,D0139
bad_window_decisions_exposure_marker,D0001
bad_window_decisions_exposure_marker,D0002
bad_window_decisions_exposure_marker,D0003
bad_window_decisions_exposure_marker,D0004
bad_window_decisions_exposure_marker,D0005
bad_window_decisions_exposure_marker,D0006
bad_window_decisions_exposure_marker,D0007
bad_window_decisions_exposure_marker,D0008
bad_window_decisions_exposure_marker,D0009
bad_window_decisions_exposure_marker,D0010
bad_window_decisions_exposure_marker,D0011
bad_window_decisions_exposure_marker,D0012
bad_window_decisions_exposure_marker,D0013
bad_window_decisions_exposure_marker,D0014
bad_window_decisions_exposure_marker,D0015
bad_window_decisions_exposure_marker,D0016
bad_window_decisions_exposure_marker,D0017
bad_window_decisions_exposure_marker,D0018
bad_window_decisions_exposure_marker,D0019
bad_window_decisions_exposure_marker,D0020
bad_window_decisions_exposure_marker,D0021
bad_window_decisions_exposure_marker,D0022
bad_window_decisions_exposure_marker,D0023
bad_window_decisions_exposure_marker,D0024
bad_window_decisions_exposure_marker,D0025
bad_window_decisions_exposure_marker,D0026
bad_window_decisions_exposure_marker,D0027
bad_window_decisions_exposure_marker,D0028
bad_window_decisions_exposure_marker,D0029
bad_window_decisions_exposure_marker,D0030
bad_window_decisions_exposure_marker,D0031
bad_window_decisions_exposure_marker,D0032
bad_window_decisions_exposure_marker,D0033
bad_window_decisions_exposure_marker,D0034
bad_window_decisions_exposure_marker,D0035
bad_window_decisions_exposure_marker,D0036
bad_window_decisions_exposure_marker,D0037
bad_window_decisions_exposure_marker,D0038
bad_window_decisions_exposure_marker,D0039
bad_window_decisions_exposure_marker,D0040
bad_window_decisions_exposure_marker,D0041
bad_window_decisions_exposure_marker,D0042
bad_window_decisions_exposure_marker,D0048
bad_window_decisions_exposure_marker,D0049
bad_window_decisions_exposure_marker,D0050
bad_window_decisions_exposure_marker,D0053
bad_window_decisions_exposure_marker,D0054
bad_window_decisions_exposure_marker,D0055
bad_window_decisions_exposure_marker,D0056
bad_window_decisions_exposure_marker,D0057
bad_window_decisions_exposure_marker,D0058
bad_window_decisions_exposure_marker,D0059
bad_window_decisions_exposure_marker,D0060
bad_window_decisions_exposure_marker,D0061
bad_window_decisions_exposure_marker,D0062
bad_window_decisions_exposure_marker,D0063
bad_window_decisions_exposure_marker,D0064
bad_window_decisions_exposure_marker,D0068
bad_window_decisions_exposure_marker,D0069
bad_window_decisions_exposure_marker,D0070
bad_window_decisions_exposure_marker,D0073
bad_window_decisions_exposure_marker,D0074
bad_window_decisions_exposure_marker,D0075
bad_window_decisions_exposure_marker,D0076
bad_window_decisions_exposure_marker,D0078
bad_window_decisions_exposure_marker,D0082
bad_window_decisions_exposure_marker,D0083
bad_window_decisions_exposure_marker,D0085
bad_window_decisions_exposure_marker,D0086
bad_window_decisions_exposure_marker,D0087
bad_window_decisions_exposure_marker,D0088
bad_window_decisions_exposure_marker,D0089
bad_window_decisions_exposure_marker,D0090
bad_window_decisions_exposure_marker,D0091
bad_window_decisions_exposure_marker,D0095
bad_window_decisions_exposure_marker,D0096
bad_window_decisions_exposure_marker,D0102
bad_window_decisions_exposure_marker,D0103
bad_window_decisions_exposure_marker,D0104
bad_window_decisions_exposure_marker,D0105
bad_window_decisions_exposure_marker,D0106
bad_window_decisions_exposure_marker,D0107
bad_window_decisions_exposure_marker,D0108
bad_window_decisions_exposure_marker,D0112
bad_window_decisions_exposure_marker,D0115
bad_window_decisions_exposure_marker,D0116
bad_window_decisions_exposure_marker,D0117
bad_window_decisions_exposure_marker,D0118
bad_window_decisions_exposure_marker,D0119
bad_window_decisions_exposure_marker,D0120
bad_window_decisions_exposure_marker,D0121
bad_window_decisions_exposure_marker,D0122
bad_window_decisions_exposure_marker,D0123
bad_window_decisions_exposure_marker,D0125
bad_window_decisions_exposure_marker,D0126
bad_window_decisions_exposure_marker,D0127
bad_window_decisions_exposure_marker,D0128
bad_window_decisions_exposure_marker,D0129
bad_window_decisions_exposure_marker,D0130
bad_window_decisions_exposure_marker,D0133
bad_window_decisions_exposure_marker,D0134
bad_window_decisions_exposure_marker,D0135
bad_window_decisions_exposure_marker,D0136
bad_window_decisions_exposure_marker,D0137
bad_window_decisions_exposure_marker,D0138
bad_window_decisions_exposure_marker,D0139
bad_window_decisions_incl_rewritten,D0001
bad_window_decisions_incl_rewritten,D0002
bad_window_decisions_incl_rewritten,D0003
bad_window_decisions_incl_rewritten,D0004
bad_window_decisions_incl_rewritten,D0005
bad_window_decisions_incl_rewritten,D0006
bad_window_decisions_incl_rewritten,D0007
bad_window_decisions_incl_rewritten,D0008
bad_window_decisions_incl_rewritten,D0009
bad_window_decisions_incl_rewritten,D0010
bad_window_decisions_incl_rewritten,D0011
bad_window_decisions_incl_rewritten,D0012
bad_window_decisions_incl_rewritten,D0013
bad_window_decisions_incl_rewritten,D0014
bad_window_decisions_incl_rewritten,D0015
bad_window_decisions_incl_rewritten,D0016
bad_window_decisions_incl_rewritten,D0017
bad_window_decisions_incl_rewritten,D0018
bad_window_decisions_incl_rewritten,D0019
bad_window_decisions_incl_rewritten,D0020
bad_window_decisions_incl_rewritten,D0021
bad_window_decisions_incl_rewritten,D0022
bad_window_decisions_incl_rewritten,D0023
bad_window_decisions_incl_rewritten,D0024
bad_window_decisions_incl_rewritten,D0025
bad_window_decisions_incl_rewritten,D0026
bad_window_decisions_incl_rewritten,D0027
bad_window_decisions_incl_rewritten,D0028
bad_window_decisions_incl_rewritten,D0029
bad_window_decisions_incl_rewritten,D0030
bad_window_decisions_incl_rewritten,D0031
bad_window_decisions_incl_rewritten,D0032
bad_window_decisions_incl_rewritten,D0033
bad_window_decisions_incl_rewritten,D0034
bad_window_decisions_incl_rewritten,D0035
bad_window_decisions_incl_rewritten,D0036
bad_window_decisions_incl_rewritten,D0037
bad_window_decisions_incl_rewritten,D0038
bad_window_decisions_incl_rewritten,D0039
bad_window_decisions_incl_rewritten,D0040
bad_window_decisions_incl_rewritten,D0041
bad_window_decisions_incl_rewritten,D0042
bad_window_decisions_incl_rewritten,D0043
bad_window_decisions_incl_rewritten,D0044
bad_window_decisions_incl_rewritten,D0045
bad_window_decisions_incl_rewritten,D0046
bad_window_decisions_incl_rewritten,D0047
bad_window_decisions_incl_rewritten,D0048
bad_window_decisions_incl_rewritten,D0049
bad_window_decisions_incl_rewritten,D0050
bad_window_decisions_incl_rewritten,D0051
bad_window_decisions_incl_rewritten,D0052
bad_window_decisions_incl_rewritten,D0053
bad_window_decisions_incl_rewritten,D0054
bad_window_decisions_incl_rewritten,D0055
bad_window_decisions_incl_rewritten,D0056
bad_window_decisions_incl_rewritten,D0057
bad_window_decisions_incl_rewritten,D0058
bad_window_decisions_incl_rewritten,D0059
bad_window_decisions_incl_rewritten,D0060
bad_window_decisions_incl_rewritten,D0061
bad_window_decisions_incl_rewritten,D0062
bad_window_decisions_incl_rewritten,D0063
bad_window_decisions_incl_rewritten,D0064
bad_window_decisions_incl_rewritten,D0065
bad_window_decisions_incl_rewritten,D0066
bad_window_decisions_incl_rewritten,D0067
bad_window_decisions_incl_rewritten,D0068
bad_window_decisions_incl_rewritten,D0069
bad_window_decisions_incl_rewritten,D0070
bad_window_decisions_incl_rewritten,D0071
bad_window_decisions_incl_rewritten,D0072
bad_window_decisions_incl_rewritten,D0073
bad_window_decisions_incl_rewritten,D0074
bad_window_decisions_incl_rewritten,D0075
bad_window_decisions_incl_rewritten,D0076
bad_window_decisions_incl_rewritten,D0077
bad_window_decisions_incl_rewritten,D0078
bad_window_decisions_incl_rewritten,D0079
bad_window_decisions_incl_rewritten,D0080
bad_window_decisions_incl_rewritten,D0081
bad_window_decisions_incl_rewritten,D0082
bad_window_decisions_incl_rewritten,D0083
bad_window_decisions_incl_rewritten,D0084
bad_window_decisions_incl_rewritten,D0085
bad_window_decisions_incl_rewritten,D0086
bad_window_decisions_incl_rewritten,D0087
bad_window_decisions_incl_rewritten,D0088
bad_window_decisions_incl_rewritten,D0089
bad_window_decisions_incl_rewritten,D0090
bad_window_decisions_incl_rewritten,D0091
bad_window_decisions_incl_rewritten,D0092
bad_window_decisions_incl_rewritten,D0093
bad_window_decisions_incl_rewritten,D0094
bad_window_decisions_incl_rewritten,D0095
bad_window_decisions_incl_rewritten,D0096
bad_window_decisions_incl_rewritten,D0097
bad_window_decisions_incl_rewritten,D0098
bad_window_decisions_incl_rewritten,D0099
bad_window_decisions_incl_rewritten,D0100
bad_window_decisions_incl_rewritten,D0101
bad_window_decisions_incl_rewritten,D0102
bad_window_decisions_incl_rewritten,D0103
bad_window_decisions_incl_rewritten,D0104
bad_window_decisions_incl_rewritten,D0105
bad_window_decisions_incl_rewritten,D0106
bad_window_decisions_incl_rewritten,D0107
bad_window_decisions_incl_rewritten,D0108
bad_window_decisions_incl_rewritten,D0109
bad_window_decisions_incl_rewritten,D0110
bad_window_decisions_incl_rewritten,D0111
bad_window_decisions_incl_rewritten,D0112
bad_window_decisions_incl_rewritten,D0113
bad_window_decisions_incl_rewritten,D0114
bad_window_decisions_incl_rewritten,D0115
bad_window_decisions_incl_rewritten,D0116
bad_window_decisions_incl_rewritten,D0117
bad_window_decisions_incl_rewritten,D0118
bad_window_decisions_incl_rewritten,D0119
bad_window_decisions_incl_rewritten,D0120
bad_window_decisions_incl_rewritten,D0121
bad_window_decisions_incl_rewritten,D0122
bad_window_decisions_incl_rewritten,D0123
bad_window_decisions_incl_rewritten,D0124
bad_window_decisions_incl_rewritten,D0125
bad_window_decisions_incl_rewritten,D0126
bad_window_decisions_incl_rewritten,D0127
bad_window_decisions_incl_rewritten,D0128
bad_window_decisions_incl_rewritten,D0129
bad_window_decisions_incl_rewritten,D0130
bad_window_decisions_incl_rewritten,D0131
bad_window_decisions_incl_rewritten,D0132
bad_window_decisions_incl_rewritten,D0133
bad_window_decisions_incl_rewritten,D0134
bad_window_decisions_incl_rewritten,D0135
bad_window_decisions_incl_rewritten,D0136
bad_window_decisions_incl_rewritten,D0137
bad_window_decisions_incl_rewritten,D0138
bad_window_decisions_incl_rewritten,D0139
bad_window_decisions_primary_population,D0001
bad_window_decisions_primary_population,D0002
bad_window_decisions_primary_population,D0003
bad_window_decisions_primary_population,D0004
bad_window_decisions_primary_population,D0005
bad_window_decisions_primary_population,D0006
bad_window_decisions_primary_population,D0007
bad_window_decisions_primary_population,D0008
bad_window_decisions_primary_population,D0009
bad_window_decisions_primary_population,D0010
bad_window_decisions_primary_population,D0011
bad_window_decisions_primary_population,D0012
bad_window_decisions_primary_population,D0013
bad_window_decisions_primary_population,D0014
bad_window_decisions_primary_population,D0015
bad_window_decisions_primary_population,D0016
bad_window_decisions_primary_population,D0017
bad_window_decisions_primary_population,D0018
bad_window_decisions_primary_population,D0019
bad_window_decisions_primary_population,D0020
bad_window_decisions_primary_population,D0021
bad_window_decisions_primary_population,D0022
bad_window_decisions_primary_population,D0023
bad_window_decisions_primary_population,D0024
bad_window_decisions_primary_population,D0025
bad_window_decisions_primary_population,D0026
bad_window_decisions_primary_population,D0027
bad_window_decisions_primary_population,D0028
bad_window_decisions_primary_population,D0029
bad_window_decisions_primary_population,D0030
bad_window_decisions_primary_population,D0031
bad_window_decisions_primary_population,D0032
bad_window_decisions_primary_population,D0033
bad_window_decisions_primary_population,D0034
bad_window_decisions_primary_population,D0035
bad_window_decisions_primary_population,D0036
bad_window_decisions_primary_population,D0037
bad_window_decisions_primary_population,D0038
bad_window_decisions_primary_population,D0039
bad_window_decisions_primary_population,D0040
bad_window_decisions_primary_population,D0041
bad_window_decisions_primary_population,D0042
bad_window_decisions_primary_population,D0048
bad_window_decisions_primary_population,D0049
bad_window_decisions_primary_population,D0050
bad_window_decisions_primary_population,D0053
bad_window_decisions_primary_population,D0054
bad_window_decisions_primary_population,D0055
bad_window_decisions_primary_population,D0056
bad_window_decisions_primary_population,D0057
bad_window_decisions_primary_population,D0058
bad_window_decisions_primary_population,D0059
bad_window_decisions_primary_population,D0060
bad_window_decisions_primary_population,D0061
bad_window_decisions_primary_population,D0062
bad_window_decisions_primary_population,D0063
bad_window_decisions_primary_population,D0064
bad_window_decisions_primary_population,D0068
bad_window_decisions_primary_population,D0069
bad_window_decisions_primary_population,D0070
bad_window_decisions_primary_population,D0073
bad_window_decisions_primary_population,D0074
bad_window_decisions_primary_population,D0075
bad_window_decisions_primary_population,D0076
bad_window_decisions_primary_population,D0078
bad_window_decisions_primary_population,D0082
bad_window_decisions_primary_population,D0083
bad_window_decisions_primary_population,D0085
bad_window_decisions_primary_population,D0086
bad_window_decisions_primary_population,D0087
bad_window_decisions_primary_population,D0088
bad_window_decisions_primary_population,D0089
bad_window_decisions_primary_population,D0090
bad_window_decisions_primary_population,D0091
bad_window_decisions_primary_population,D0095
bad_window_decisions_primary_population,D0096
bad_window_decisions_primary_population,D0102
bad_window_decisions_primary_population,D0103
bad_window_decisions_primary_population,D0104
bad_window_decisions_primary_population,D0105
bad_window_decisions_primary_population,D0106
bad_window_decisions_primary_population,D0107
bad_window_decisions_primary_population,D0108
bad_window_decisions_primary_population,D0112
bad_window_decisions_primary_population,D0115
bad_window_decisions_primary_population,D0116
bad_window_decisions_primary_population,D0117
bad_window_decisions_primary_population,D0118
bad_window_decisions_primary_population,D0119
bad_window_decisions_primary_population,D0120
bad_window_decisions_primary_population,D0121
bad_window_decisions_primary_population,D0122
bad_window_decisions_primary_population,D0123
bad_window_decisions_primary_population,D0125
bad_window_decisions_primary_population,D0126
bad_window_decisions_primary_population,D0127
bad_window_decisions_primary_population,D0128
bad_window_decisions_primary_population,D0130
bad_window_decisions_primary_population,D0133
bad_window_decisions_primary_population,D0134
bad_window_decisions_primary_population,D0135
bad_window_decisions_primary_population,D0136
bad_window_decisions_primary_population,D0137
bad_window_decisions_primary_population,D0138
