event_code,household_code,appliance,window,source_type,is_backdated,event_phase,registration_phase,study_day,local_hour,calendar_day,weekday_local,full_14_day_opportunity,paired_contributor_locked
E0001,H01,phone_charging,bad,immediate_usage,FALSE,baseline,baseline,1,0,7,2,TRUE,FALSE
E0002,H02,phone_charging,great,immediate_usage,FALSE,baseline,baseline,1,15,1,3,TRUE,TRUE
E0003,H02,phone_charging,bad,immediate_usage,FALSE,baseline,baseline,1,21,0,2,TRUE,TRUE
E0004,H02,washing_machine,bad,immediate_usage,FALSE,baseline,baseline,1,21,0,2,TRUE,TRUE
E0005,H02,phone_charging,bad,immediate_usage,FALSE,baseline,baseline,2,0,2,4,TRUE,TRUE
E0006,H02,phone_charging,bad,immediate_usage,FALSE,baseline,baseline,2,20,2,4,TRUE,TRUE
E0007,H02,phone_charging,great,immediate_usage,FALSE,baseline,baseline,3,13,3,5,TRUE,TRUE
E0008,H02,phone_charging,bad,immediate_usage,FALSE,baseline,baseline,4,0,4,6,TRUE,TRUE
E0009,H02,phone_charging,great,immediate_usage,FALSE,baseline,baseline,4,13,4,6,TRUE,TRUE
E0010,H02,phone_charging,ok,immediate_usage,FALSE,baseline,baseline,5,17,5,7,TRUE,TRUE
E0011,H02,phone_charging,great,immediate_usage,FALSE,baseline,baseline,6,11,6,1,TRUE,TRUE
E0012,H02,phone_charging,great,immediate_usage,FALSE,baseline,baseline,7,13,7,2,TRUE,TRUE
E0013,H02,phone_charging,bad,nudge_accept,FALSE,nudge,nudge,8,0,8,3,TRUE,TRUE
E0014,H02,phone_charging,great,backdated_usage,TRUE,nudge,nudge,8,15,8,3,TRUE,TRUE
E0015,H02,phone_charging,bad,nudge_accept,FALSE,nudge,nudge,9,0,9,4,TRUE,TRUE
E0016,H02,phone_charging,great,nudge_accept,FALSE,nudge,nudge,9,15,9,4,TRUE,TRUE
E0017,H02,phone_charging,bad,nudge_accept,FALSE,nudge,nudge,10,1,10,5,TRUE,TRUE
E0018,H02,phone_charging,ok,nudge_accept,FALSE,nudge,nudge,10,18,10,5,TRUE,TRUE
E0019,H02,phone_charging,bad,nudge_accept,FALSE,nudge,nudge,11,0,11,6,TRUE,TRUE
E0020,H02,phone_charging,great,nudge_accept,FALSE,nudge,nudge,11,12,11,6,TRUE,TRUE
E0021,H02,phone_charging,ok,nudge_accept,FALSE,nudge,nudge,12,9,12,7,TRUE,TRUE
E0022,H02,phone_charging,bad,nudge_accept,FALSE,nudge,nudge,12,20,12,7,TRUE,TRUE
E0023,H02,phone_charging,bad,nudge_accept,FALSE,nudge,nudge,12,22,11,6,TRUE,TRUE
E0024,H02,phone_charging,great,backdated_usage,TRUE,nudge,nudge,13,15,13,1,TRUE,TRUE
E0025,H02,phone_charging,ok,nudge_accept,FALSE,nudge,nudge,14,9,14,2,TRUE,TRUE
E0026,H02,phone_charging,ok,nudge_accept,FALSE,nudge,nudge,14,18,14,2,TRUE,TRUE
E0027,H03,phone_charging,bad,immediate_usage,FALSE,baseline,baseline,1,22,2,4,TRUE,FALSE
E0028,H03,dishwasher,bad,immediate_usage,FALSE,baseline,baseline,1,22,2,4,TRUE,FALSE
E0029,H04,phone_charging,bad,immediate_usage,FALSE,baseline,baseline,1,22,0,2,TRUE,TRUE
E0030,H04,phone_charging,bad,backdated_usage,TRUE,baseline,baseline,1,22,0,2,TRUE,TRUE
E0031,H04,washing_machine,bad,immediate_usage,FALSE,baseline,baseline,4,19,4,6,TRUE,TRUE
E0032,H04,phone_charging,bad,backdated_usage,TRUE,baseline,baseline,4,21,4,6,TRUE,TRUE
E0033,H04,washing_machine,bad,nudge_accept,FALSE,nudge,nudge,9,7,9,4,TRUE,TRUE
E0034,H04,washing_machine,bad,nudge_accept,FALSE,nudge,nudge,9,20,9,4,TRUE,TRUE
E0035,H04,washing_machine,bad,nudge_accept,FALSE,nudge,nudge,10,7,10,5,TRUE,TRUE
E0036,H04,washing_machine,bad,nudge_accept,FALSE,nudge,nudge,10,20,10,5,TRUE,TRUE
E0037,H04,phone_charging,bad,nudge_accept,FALSE,nudge,nudge,11,23,10,5,TRUE,TRUE
E0038,H04,phone_charging,bad,nudge_accept,FALSE,nudge,nudge,12,22,11,6,TRUE,TRUE
E0039,H04,phone_charging,bad,nudge_accept,FALSE,nudge,nudge,13,20,13,1,TRUE,TRUE
E0040,H04,washing_machine,bad,nudge_accept,FALSE,nudge,nudge,14,7,14,2,TRUE,TRUE
E0041,H04,phone_charging,bad,nudge_accept,FALSE,nudge,nudge,14,21,14,2,TRUE,TRUE
E0042,H05,washing_machine,bad,immediate_usage,FALSE,baseline,baseline,1,19,2,4,TRUE,TRUE
E0043,H05,phone_charging,bad,immediate_usage,FALSE,baseline,baseline,1,19,2,4,TRUE,TRUE
E0044,H05,phone_charging,bad,immediate_usage,FALSE,baseline,baseline,1,22,1,3,TRUE,TRUE
E0045,H05,phone_charging,bad,immediate_usage,FALSE,baseline,baseline,1,22,1,3,TRUE,TRUE
E0046,H05,phone_charging,bad,backdated_usage,TRUE,baseline,baseline,1,22,1,3,TRUE,TRUE
E0047,H05,phone_charging,bad,immediate_usage,FALSE,baseline,baseline,3,1,4,6,TRUE,TRUE
E0048,H05,phone_charging,bad,immediate_usage,FALSE,baseline,baseline,3,19,4,6,TRUE,TRUE
E0049,H05,phone_charging,bad,immediate_usage,FALSE,baseline,baseline,4,2,5,7,TRUE,TRUE
E0050,H05,phone_charging,bad,immediate_usage,FALSE,baseline,baseline,5,7,6,1,TRUE,TRUE
E0051,H05,phone_charging,bad,backdated_usage,TRUE,baseline,baseline,5,7,6,1,TRUE,TRUE
E0052,H05,phone_charging,bad,backdated_usage,TRUE,nudge,nudge,8,2,9,4,TRUE,TRUE
E0053,H05,phone_charging,bad,nudge_accept,FALSE,nudge,nudge,9,5,10,5,TRUE,TRUE
E0054,H05,phone_charging,bad,nudge_accept,FALSE,nudge,nudge,9,22,9,4,TRUE,TRUE
E0055,H05,phone_charging,bad,nudge_accept,FALSE,nudge,nudge,10,0,11,6,TRUE,TRUE
E0056,H05,phone_charging,bad,nudge_accept,FALSE,nudge,nudge,11,0,12,7,TRUE,TRUE
E0057,H05,phone_charging,bad,nudge_accept,FALSE,nudge,nudge,12,23,12,7,TRUE,TRUE
E0058,H05,phone_charging,bad,nudge_accept,FALSE,nudge,nudge,13,0,14,2,TRUE,TRUE
E0059,H06,washing_machine,great,backdated_usage,TRUE,baseline,baseline,1,13,6,1,TRUE,TRUE
E0060,H06,dishwasher,great,backdated_usage,TRUE,baseline,baseline,1,15,6,1,TRUE,TRUE
E0061,H06,phone_charging,bad,immediate_usage,FALSE,baseline,baseline,1,23,5,7,TRUE,TRUE
E0062,H06,phone_charging,bad,backdated_usage,TRUE,baseline,baseline,2,23,6,1,TRUE,TRUE
E0063,H06,phone_charging,bad,immediate_usage,FALSE,baseline,baseline,2,23,6,1,TRUE,TRUE
E0064,H06,washing_machine,great,backdated_usage,TRUE,baseline,baseline,3,10,8,3,TRUE,TRUE
E0065,H06,phone_charging,great,backdated_usage,TRUE,baseline,baseline,3,12,8,3,TRUE,TRUE
E0066,H06,dishwasher,great,backdated_usage,TRUE,baseline,baseline,3,13,8,3,TRUE,TRUE
E0067,H06,washing_machine,great,backdated_usage,TRUE,baseline,baseline,3,13,8,3,TRUE,TRUE
E0068,H06,phone_charging,bad,immediate_usage,FALSE,baseline,baseline,3,22,8,3,TRUE,TRUE
E0069,H06,washing_machine,great,backdated_usage,TRUE,baseline,baseline,5,10,10,5,TRUE,TRUE
E0070,H06,phone_charging,great,immediate_usage,FALSE,baseline,baseline,5,14,10,5,TRUE,TRUE
E0071,H06,phone_charging,great,backdated_usage,TRUE,baseline,baseline,6,10,11,6,TRUE,TRUE
E0072,H06,dishwasher,bad,backdated_usage,TRUE,baseline,baseline,6,20,11,6,TRUE,TRUE
E0073,H06,washing_machine,bad,backdated_usage,TRUE,baseline,baseline,6,21,11,6,TRUE,TRUE
E0074,H06,phone_charging,bad,backdated_usage,TRUE,baseline,nudge,7,22,12,7,TRUE,TRUE
E0075,H06,phone_charging,great,backdated_usage,TRUE,nudge,nudge,8,14,13,1,TRUE,TRUE
E0076,H06,washing_machine,bad,backdated_usage,TRUE,nudge,nudge,9,21,14,2,TRUE,TRUE
E0077,H06,phone_charging,bad,backdated_usage,TRUE,nudge,nudge,9,22,14,2,TRUE,TRUE
E0078,H06,phone_charging,great,backdated_usage,TRUE,nudge,nudge,10,15,15,3,TRUE,TRUE
E0079,H06,washing_machine,great,backdated_usage,TRUE,nudge,nudge,11,13,16,4,TRUE,TRUE
E0080,H06,phone_charging,ok,backdated_usage,TRUE,nudge,nudge,11,17,16,4,TRUE,TRUE
E0081,H06,dishwasher,bad,backdated_usage,TRUE,nudge,nudge,11,20,16,4,TRUE,TRUE
E0082,H06,phone_charging,great,nudge_accept,FALSE,nudge,nudge,12,15,17,5,TRUE,TRUE
E0083,H06,washing_machine,great,nudge_accept,FALSE,nudge,nudge,12,15,17,5,TRUE,TRUE
E0084,H06,phone_charging,great,nudge_accept,FALSE,nudge,nudge,13,10,18,6,TRUE,TRUE
E0085,H06,washing_machine,great,backdated_usage,TRUE,nudge,nudge,14,16,19,7,TRUE,TRUE
E0086,H06,dishwasher,bad,backdated_usage,TRUE,nudge,nudge,14,19,19,7,TRUE,TRUE
E0087,H06,phone_charging,bad,backdated_usage,TRUE,nudge,nudge,14,21,19,7,TRUE,TRUE
E0088,H07,phone_charging,bad,immediate_usage,FALSE,baseline,baseline,1,21,-4,5,TRUE,TRUE
E0089,H07,phone_charging,bad,immediate_usage,FALSE,baseline,baseline,3,7,-1,1,TRUE,TRUE
E0090,H07,phone_charging,great,immediate_usage,FALSE,baseline,baseline,5,10,1,3,TRUE,TRUE
E0091,H07,washing_machine,ok,immediate_usage,FALSE,baseline,baseline,5,17,1,3,TRUE,TRUE
E0092,H07,dishwasher,bad,immediate_usage,FALSE,baseline,baseline,5,21,0,2,TRUE,TRUE
E0093,H07,washing_machine,ok,backdated_usage,TRUE,baseline,nudge,7,17,3,5,TRUE,TRUE
E0094,H07,phone_charging,bad,nudge_accept,FALSE,nudge,nudge,8,22,3,5,TRUE,TRUE
E0095,H07,washing_machine,great,backdated_usage,TRUE,nudge,nudge,9,10,5,7,TRUE,TRUE
E0096,H07,dishwasher,bad,nudge_accept,FALSE,nudge,nudge,10,5,6,1,TRUE,TRUE
E0097,H07,phone_charging,bad,nudge_accept,FALSE,nudge,nudge,12,0,8,3,TRUE,TRUE
E0098,H07,phone_charging,great,nudge_accept,FALSE,nudge,nudge,12,16,8,3,TRUE,TRUE
E0099,H08,washing_machine,great,immediate_usage,FALSE,baseline,baseline,2,15,2,4,TRUE,TRUE
E0100,H08,phone_charging,great,immediate_usage,FALSE,baseline,baseline,2,15,2,4,TRUE,TRUE
E0101,H08,phone_charging,bad,immediate_usage,FALSE,baseline,baseline,2,22,2,4,TRUE,TRUE
E0102,H08,phone_charging,bad,immediate_usage,FALSE,baseline,baseline,3,5,4,6,TRUE,TRUE
E0103,H08,phone_charging,ok,immediate_usage,FALSE,baseline,baseline,5,17,5,7,TRUE,TRUE
E0104,H08,phone_charging,bad,immediate_usage,FALSE,baseline,baseline,5,22,5,7,TRUE,TRUE
E0105,H08,phone_charging,bad,immediate_usage,FALSE,baseline,baseline,6,19,6,1,TRUE,TRUE
E0106,H08,phone_charging,great,immediate_usage,FALSE,baseline,baseline,7,12,7,2,TRUE,TRUE
E0107,H08,phone_charging,great,nudge_accept,FALSE,nudge,nudge,9,16,9,4,TRUE,TRUE
E0108,H08,phone_charging,great,nudge_accept,FALSE,nudge,nudge,10,12,10,5,TRUE,TRUE
E0109,H08,washing_machine,great,nudge_accept,FALSE,nudge,nudge,10,12,10,5,TRUE,TRUE
E0110,H08,phone_charging,ok,nudge_accept,FALSE,nudge,nudge,10,17,10,5,TRUE,TRUE
E0111,H09,phone_charging,ok,immediate_usage,FALSE,baseline,baseline,1,9,3,5,TRUE,TRUE
E0112,H09,washing_machine,ok,immediate_usage,FALSE,baseline,baseline,1,9,3,5,TRUE,TRUE
E0113,H09,phone_charging,bad,backdated_usage,TRUE,baseline,baseline,1,23,3,5,TRUE,TRUE
E0114,H09,phone_charging,great,immediate_usage,FALSE,baseline,baseline,2,12,4,6,TRUE,TRUE
E0115,H09,phone_charging,bad,immediate_usage,FALSE,baseline,baseline,2,23,4,6,TRUE,TRUE
E0116,H09,phone_charging,bad,immediate_usage,FALSE,baseline,baseline,3,0,6,1,TRUE,TRUE
E0117,H09,washing_machine,ok,backdated_usage,TRUE,baseline,baseline,3,8,6,1,TRUE,TRUE
E0118,H09,phone_charging,great,immediate_usage,FALSE,baseline,baseline,3,13,5,7,TRUE,TRUE
E0119,H09,washing_machine,great,immediate_usage,FALSE,baseline,baseline,3,13,5,7,TRUE,TRUE
E0120,H09,phone_charging,bad,immediate_usage,FALSE,baseline,baseline,4,0,7,2,TRUE,TRUE
E0121,H09,phone_charging,great,immediate_usage,FALSE,baseline,baseline,4,16,6,1,TRUE,TRUE
E0122,H09,washing_machine,great,immediate_usage,FALSE,baseline,baseline,4,16,6,1,TRUE,TRUE
E0123,H09,phone_charging,bad,immediate_usage,FALSE,baseline,baseline,5,0,8,3,TRUE,TRUE
E0124,H09,phone_charging,ok,immediate_usage,FALSE,baseline,baseline,5,8,8,3,TRUE,TRUE
E0125,H09,phone_charging,great,immediate_usage,FALSE,baseline,baseline,5,11,7,2,TRUE,TRUE
E0126,H09,phone_charging,bad,immediate_usage,FALSE,baseline,baseline,5,22,7,2,TRUE,TRUE
E0127,H09,phone_charging,bad,immediate_usage,FALSE,baseline,baseline,6,0,9,4,TRUE,TRUE
E0128,H09,phone_charging,bad,immediate_usage,FALSE,baseline,baseline,6,23,8,3,TRUE,TRUE
E0129,H09,phone_charging,ok,immediate_usage,FALSE,baseline,baseline,7,9,10,5,TRUE,TRUE
E0130,H09,washing_machine,ok,backdated_usage,TRUE,baseline,baseline,7,9,9,4,TRUE,TRUE
E0131,H09,washing_machine,great,backdated_usage,TRUE,baseline,baseline,7,14,9,4,TRUE,TRUE
E0132,H09,washing_machine,great,immediate_usage,FALSE,baseline,baseline,7,16,9,4,TRUE,TRUE
E0133,H09,phone_charging,great,immediate_usage,FALSE,baseline,baseline,7,16,9,4,TRUE,TRUE
E0134,H09,phone_charging,ok,backdated_usage,TRUE,nudge,nudge,8,8,11,6,TRUE,TRUE
E0135,H09,phone_charging,bad,nudge_accept,FALSE,nudge,nudge,8,20,10,5,TRUE,TRUE
E0136,H09,washing_machine,bad,backdated_usage,TRUE,nudge,nudge,8,23,10,5,TRUE,TRUE
E0137,H09,phone_charging,ok,backdated_usage,TRUE,nudge,nudge,9,9,12,7,TRUE,TRUE
E0138,H09,phone_charging,ok,nudge_accept,FALSE,nudge,nudge,9,17,11,6,TRUE,TRUE
E0139,H09,phone_charging,ok,nudge_accept,FALSE,nudge,nudge,10,8,13,1,TRUE,TRUE
E0140,H09,phone_charging,bad,nudge_accept,FALSE,nudge,nudge,10,20,12,7,TRUE,TRUE
E0141,H09,phone_charging,ok,backdated_usage,TRUE,nudge,nudge,11,8,14,2,TRUE,TRUE
E0142,H09,washing_machine,ok,backdated_usage,TRUE,nudge,nudge,11,18,13,1,TRUE,TRUE
E0143,H09,phone_charging,bad,backdated_usage,TRUE,nudge,nudge,11,21,13,1,TRUE,TRUE
E0144,H09,phone_charging,ok,nudge_accept,FALSE,nudge,nudge,12,8,15,3,TRUE,TRUE
E0145,H09,phone_charging,bad,backdated_usage,TRUE,nudge,nudge,12,23,14,2,TRUE,TRUE
E0146,H09,phone_charging,bad,nudge_accept,FALSE,nudge,nudge,13,0,16,4,TRUE,TRUE
E0147,H09,phone_charging,bad,nudge_accept,FALSE,nudge,nudge,13,21,15,3,TRUE,TRUE
E0148,H10,washing_machine,bad,backdated_usage,TRUE,baseline,baseline,1,19,2,4,TRUE,TRUE
E0149,H10,phone_charging,great,immediate_usage,FALSE,baseline,baseline,2,10,3,5,TRUE,TRUE
E0150,H10,phone_charging,bad,backdated_usage,TRUE,baseline,baseline,2,22,3,5,TRUE,TRUE
E0151,H10,phone_charging,bad,immediate_usage,FALSE,baseline,baseline,2,22,3,5,TRUE,TRUE
E0152,H10,washing_machine,bad,immediate_usage,FALSE,baseline,baseline,3,20,4,6,TRUE,TRUE
E0153,H10,phone_charging,bad,immediate_usage,FALSE,baseline,baseline,4,22,5,7,TRUE,TRUE
E0154,H10,phone_charging,bad,immediate_usage,FALSE,baseline,baseline,4,23,4,6,TRUE,TRUE
E0155,H10,phone_charging,bad,immediate_usage,FALSE,baseline,baseline,5,21,6,1,TRUE,TRUE
E0156,H10,washing_machine,great,immediate_usage,FALSE,baseline,baseline,6,15,7,2,TRUE,TRUE
E0157,H10,phone_charging,great,immediate_usage,FALSE,baseline,baseline,6,15,7,2,TRUE,TRUE
E0158,H10,phone_charging,great,immediate_usage,FALSE,baseline,baseline,7,15,8,3,TRUE,TRUE
E0159,H10,phone_charging,bad,nudge_accept,FALSE,nudge,nudge,8,20,9,4,TRUE,TRUE
E0160,H10,phone_charging,bad,backdated_usage,TRUE,nudge,nudge,9,22,10,5,TRUE,TRUE
E0161,H10,phone_charging,bad,backdated_usage,TRUE,nudge,nudge,9,22,10,5,TRUE,TRUE
E0162,H10,phone_charging,bad,nudge_accept,FALSE,nudge,nudge,10,0,11,6,TRUE,TRUE
E0163,H10,phone_charging,bad,nudge_accept,FALSE,nudge,nudge,12,22,13,1,TRUE,TRUE
E0164,H10,phone_charging,bad,nudge_accept,FALSE,nudge,nudge,12,23,12,7,TRUE,TRUE
E0165,H10,phone_charging,ok,nudge_accept,FALSE,nudge,nudge,13,17,14,2,TRUE,TRUE
E0166,H10,washing_machine,ok,nudge_accept,FALSE,nudge,nudge,13,17,14,2,TRUE,TRUE
E0167,H10,phone_charging,great,nudge_accept,FALSE,nudge,nudge,14,16,15,3,TRUE,TRUE
E0168,H11,washing_machine,great,immediate_usage,FALSE,baseline,baseline,1,13,7,2,TRUE,TRUE
E0169,H11,washing_machine,great,immediate_usage,FALSE,baseline,baseline,1,15,7,2,TRUE,TRUE
E0170,H11,dishwasher,bad,immediate_usage,FALSE,baseline,baseline,1,21,7,2,TRUE,TRUE
E0171,H11,phone_charging,bad,immediate_usage,FALSE,baseline,baseline,1,22,7,2,TRUE,TRUE
E0172,H11,phone_charging,great,immediate_usage,FALSE,baseline,baseline,2,15,8,3,TRUE,TRUE
E0173,H11,phone_charging,great,immediate_usage,FALSE,baseline,baseline,3,11,10,5,TRUE,TRUE
E0174,H11,phone_charging,ok,immediate_usage,FALSE,baseline,baseline,4,9,11,6,TRUE,TRUE
E0175,H11,phone_charging,ok,immediate_usage,FALSE,baseline,baseline,5,9,12,7,TRUE,TRUE
E0176,H11,phone_charging,bad,immediate_usage,FALSE,baseline,baseline,7,23,13,1,TRUE,TRUE
E0177,H11,phone_charging,bad,nudge_accept,FALSE,nudge,nudge,8,22,14,2,TRUE,TRUE
E0178,H11,washing_machine,bad,nudge_accept,FALSE,nudge,nudge,8,22,14,2,TRUE,TRUE
E0179,H11,dishwasher,great,nudge_accept,FALSE,nudge,nudge,9,12,16,4,TRUE,TRUE
E0180,H11,phone_charging,great,nudge_accept,FALSE,nudge,nudge,10,16,16,4,TRUE,TRUE
E0181,H11,phone_charging,bad,nudge_accept,FALSE,nudge,nudge,13,22,19,7,TRUE,TRUE
E0182,H11,phone_charging,bad,nudge_accept,FALSE,nudge,nudge,13,22,19,7,TRUE,TRUE
E0183,H11,phone_charging,great,nudge_accept,FALSE,nudge,nudge,14,12,21,2,TRUE,TRUE
E0184,H11,dishwasher,great,nudge_accept,FALSE,nudge,nudge,14,16,20,1,TRUE,TRUE
E0185,H11,phone_charging,great,nudge_accept,FALSE,nudge,nudge,14,16,20,1,TRUE,TRUE
E0186,H12,washing_machine,great,immediate_usage,FALSE,baseline,baseline,1,13,-2,7,TRUE,TRUE
E0187,H12,phone_charging,great,immediate_usage,FALSE,baseline,baseline,1,14,-2,7,TRUE,TRUE
E0188,H12,phone_charging,bad,immediate_usage,FALSE,baseline,baseline,1,23,-3,6,TRUE,TRUE
E0189,H12,phone_charging,great,immediate_usage,FALSE,baseline,baseline,2,11,-1,1,TRUE,TRUE
E0190,H12,dishwasher,great,immediate_usage,FALSE,baseline,baseline,2,13,-1,1,TRUE,TRUE
E0191,H12,phone_charging,ok,immediate_usage,FALSE,baseline,baseline,4,9,1,3,TRUE,TRUE
E0192,H12,dishwasher,great,immediate_usage,FALSE,baseline,baseline,4,10,1,3,TRUE,TRUE
E0193,H12,phone_charging,ok,immediate_usage,FALSE,baseline,baseline,6,18,2,4,TRUE,TRUE
E0194,H12,washing_machine,ok,immediate_usage,FALSE,baseline,baseline,6,18,2,4,TRUE,TRUE
E0195,H12,phone_charging,great,immediate_usage,FALSE,baseline,baseline,7,14,4,6,TRUE,TRUE
E0196,H12,phone_charging,great,nudge_accept,FALSE,nudge,nudge,8,12,5,7,TRUE,TRUE
E0197,H12,dishwasher,great,nudge_accept,FALSE,nudge,nudge,13,15,10,5,TRUE,TRUE
E0198,H12,washing_machine,great,nudge_accept,FALSE,nudge,nudge,13,16,10,5,TRUE,TRUE
E0199,H12,washing_machine,great,nudge_accept,FALSE,nudge,nudge,14,13,11,6,TRUE,TRUE
E0200,H13,phone_charging,bad,immediate_usage,FALSE,baseline,baseline,1,0,-3,6,TRUE,TRUE
E0201,H13,phone_charging,bad,backdated_usage,TRUE,baseline,baseline,2,2,-2,7,TRUE,TRUE
E0202,H13,phone_charging,bad,backdated_usage,TRUE,baseline,baseline,3,1,-1,1,TRUE,TRUE
E0203,H13,phone_charging,ok,immediate_usage,FALSE,baseline,baseline,3,17,-1,1,TRUE,TRUE
E0204,H13,phone_charging,bad,backdated_usage,TRUE,baseline,baseline,5,23,0,2,TRUE,TRUE
E0205,H13,washing_machine,great,backdated_usage,TRUE,baseline,baseline,6,15,2,4,TRUE,TRUE
E0206,H13,phone_charging,bad,immediate_usage,FALSE,baseline,baseline,7,0,3,5,TRUE,TRUE
E0207,H13,phone_charging,bad,backdated_usage,TRUE,nudge,nudge,9,2,5,7,TRUE,TRUE
E0208,H13,washing_machine,great,backdated_usage,TRUE,nudge,nudge,9,16,5,7,TRUE,TRUE
E0209,H13,phone_charging,bad,nudge_accept,FALSE,nudge,nudge,10,0,6,1,TRUE,TRUE
E0210,H13,phone_charging,bad,backdated_usage,TRUE,nudge,nudge,11,0,7,2,TRUE,TRUE
E0211,H13,phone_charging,bad,backdated_usage,TRUE,nudge,nudge,12,2,8,3,TRUE,TRUE
E0212,H14,phone_charging,ok,backdated_usage,TRUE,baseline,baseline,1,18,-3,6,TRUE,TRUE
E0213,H14,dishwasher,bad,backdated_usage,TRUE,baseline,baseline,2,19,-2,7,TRUE,TRUE
E0214,H14,phone_charging,bad,backdated_usage,TRUE,baseline,baseline,3,7,0,2,TRUE,TRUE
E0215,H14,washing_machine,ok,immediate_usage,FALSE,baseline,baseline,4,9,1,3,TRUE,TRUE
E0216,H14,washing_machine,great,immediate_usage,FALSE,baseline,baseline,4,11,1,3,TRUE,TRUE
E0217,H14,dishwasher,ok,backdated_usage,TRUE,baseline,baseline,5,8,2,4,TRUE,TRUE
E0218,H14,phone_charging,ok,immediate_usage,FALSE,baseline,baseline,5,8,2,4,TRUE,TRUE
E0219,H14,phone_charging,ok,immediate_usage,FALSE,baseline,baseline,7,9,4,6,TRUE,TRUE
E0220,H14,washing_machine,ok,nudge_accept,FALSE,nudge,nudge,8,8,5,7,TRUE,TRUE
E0221,H14,washing_machine,bad,nudge_accept,FALSE,nudge,nudge,9,6,6,1,TRUE,TRUE
E0222,H14,phone_charging,ok,nudge_accept,FALSE,nudge,nudge,9,9,6,1,TRUE,TRUE
E0223,H14,dishwasher,ok,nudge_accept,FALSE,nudge,nudge,9,9,6,1,TRUE,TRUE
E0224,H14,washing_machine,ok,nudge_accept,FALSE,nudge,nudge,10,9,7,2,TRUE,TRUE
E0225,H14,washing_machine,ok,nudge_accept,FALSE,nudge,nudge,10,9,7,2,TRUE,TRUE
E0226,H14,washing_machine,ok,nudge_accept,FALSE,nudge,nudge,10,9,7,2,TRUE,TRUE
E0227,H14,washing_machine,ok,nudge_accept,FALSE,nudge,nudge,10,9,7,2,TRUE,TRUE
E0228,H14,washing_machine,ok,nudge_accept,FALSE,nudge,nudge,10,9,7,2,TRUE,TRUE
E0229,H14,washing_machine,ok,nudge_accept,FALSE,nudge,nudge,10,9,7,2,TRUE,TRUE
E0230,H14,washing_machine,ok,nudge_accept,FALSE,nudge,nudge,10,9,7,2,TRUE,TRUE
E0231,H14,washing_machine,ok,nudge_accept,FALSE,nudge,nudge,10,9,7,2,TRUE,TRUE
E0232,H14,washing_machine,ok,nudge_accept,FALSE,nudge,nudge,10,9,7,2,TRUE,TRUE
E0233,H14,washing_machine,ok,nudge_accept,FALSE,nudge,nudge,10,9,7,2,TRUE,TRUE
E0234,H14,washing_machine,ok,nudge_accept,FALSE,nudge,nudge,10,9,7,2,TRUE,TRUE
E0235,H14,washing_machine,ok,nudge_accept,FALSE,nudge,nudge,10,9,7,2,TRUE,TRUE
E0236,H14,washing_machine,ok,nudge_accept,FALSE,nudge,nudge,10,9,7,2,TRUE,TRUE
E0237,H14,washing_machine,ok,nudge_accept,FALSE,nudge,nudge,10,9,7,2,TRUE,TRUE
E0238,H14,dishwasher,ok,nudge_accept,FALSE,nudge,nudge,12,8,9,4,TRUE,TRUE
E0239,H14,washing_machine,ok,nudge_accept,FALSE,nudge,nudge,12,14,8,3,TRUE,TRUE
E0240,H14,phone_charging,great,nudge_accept,FALSE,nudge,nudge,12,14,8,3,TRUE,TRUE
E0241,H15,phone_charging,bad,immediate_usage,FALSE,baseline,baseline,1,22,13,1,FALSE,FALSE
E0242,H15,dishwasher,bad,immediate_usage,FALSE,baseline,baseline,1,23,12,7,FALSE,FALSE
E0243,H15,phone_charging,bad,immediate_usage,FALSE,baseline,baseline,1,23,12,7,FALSE,FALSE
E0244,H15,phone_charging,bad,immediate_usage,FALSE,baseline,baseline,4,6,16,4,FALSE,FALSE
E0245,H15,dishwasher,bad,immediate_usage,FALSE,baseline,baseline,4,6,16,4,FALSE,FALSE
E0246,H15,phone_charging,great,immediate_usage,FALSE,baseline,baseline,5,13,17,5,FALSE,FALSE
E0247,H16,dishwasher,bad,immediate_usage,FALSE,baseline,baseline,1,,,,TRUE,TRUE
E0248,H16,phone_charging,great,immediate_usage,FALSE,baseline,baseline,1,,,,TRUE,TRUE
E0249,H16,phone_charging,bad,immediate_usage,FALSE,baseline,baseline,2,,,,TRUE,TRUE
E0250,H16,phone_charging,great,immediate_usage,FALSE,baseline,baseline,3,,,,TRUE,TRUE
E0251,H16,washing_machine,great,immediate_usage,FALSE,baseline,baseline,3,,,,TRUE,TRUE
E0252,H16,dishwasher,great,immediate_usage,FALSE,baseline,baseline,4,,,,TRUE,TRUE
E0253,H16,phone_charging,bad,immediate_usage,FALSE,baseline,baseline,5,,,,TRUE,TRUE
E0254,H16,phone_charging,bad,immediate_usage,FALSE,baseline,baseline,7,,,,TRUE,TRUE
E0255,H16,phone_charging,ok,nudge_accept,FALSE,nudge,nudge,8,,,,TRUE,TRUE
E0256,H16,washing_machine,ok,nudge_accept,FALSE,nudge,nudge,8,,,,TRUE,TRUE
E0257,H16,phone_charging,great,nudge_accept,FALSE,nudge,nudge,10,,,,TRUE,TRUE
E0258,H16,phone_charging,bad,nudge_accept,FALSE,nudge,nudge,10,,,,TRUE,TRUE
E0259,H16,phone_charging,bad,nudge_accept,FALSE,nudge,nudge,11,,,,TRUE,TRUE
E0260,H17,phone_charging,bad,immediate_usage,FALSE,baseline,baseline,1,6,1,3,TRUE,TRUE
E0261,H17,phone_charging,bad,immediate_usage,FALSE,baseline,baseline,1,21,0,2,TRUE,TRUE
E0262,H17,washing_machine,bad,immediate_usage,FALSE,baseline,baseline,1,21,0,2,TRUE,TRUE
E0263,H17,phone_charging,ok,immediate_usage,FALSE,baseline,baseline,2,8,2,4,TRUE,TRUE
E0264,H17,washing_machine,great,backdated_usage,TRUE,baseline,baseline,2,13,2,4,TRUE,TRUE
E0265,H17,washing_machine,great,immediate_usage,FALSE,baseline,baseline,2,15,2,4,TRUE,TRUE
E0266,H17,washing_machine,great,immediate_usage,FALSE,baseline,baseline,2,16,2,4,TRUE,TRUE
E0267,H17,phone_charging,ok,immediate_usage,FALSE,baseline,baseline,2,17,2,4,TRUE,TRUE
E0268,H17,phone_charging,bad,immediate_usage,FALSE,baseline,baseline,2,23,1,3,TRUE,TRUE
E0269,H17,phone_charging,ok,immediate_usage,FALSE,baseline,baseline,3,8,3,5,TRUE,TRUE
E0270,H17,washing_machine,great,backdated_usage,TRUE,baseline,baseline,3,16,3,5,TRUE,TRUE
E0271,H17,phone_charging,great,backdated_usage,TRUE,baseline,baseline,4,10,4,6,TRUE,TRUE
E0272,H17,phone_charging,great,immediate_usage,FALSE,baseline,baseline,4,10,4,6,TRUE,TRUE
E0273,H17,phone_charging,great,immediate_usage,FALSE,baseline,baseline,4,12,4,6,TRUE,TRUE
E0274,H17,washing_machine,great,backdated_usage,TRUE,baseline,baseline,4,15,4,6,TRUE,TRUE
E0275,H17,washing_machine,great,backdated_usage,TRUE,baseline,baseline,5,15,5,7,TRUE,TRUE
E0276,H17,phone_charging,bad,immediate_usage,FALSE,baseline,baseline,5,22,4,6,TRUE,TRUE
E0277,H17,phone_charging,great,backdated_usage,TRUE,baseline,baseline,6,11,6,1,TRUE,TRUE
E0278,H17,washing_machine,great,immediate_usage,FALSE,baseline,baseline,6,13,6,1,TRUE,TRUE
E0279,H17,phone_charging,bad,immediate_usage,FALSE,baseline,baseline,6,22,5,7,TRUE,TRUE
E0280,H17,phone_charging,great,immediate_usage,FALSE,baseline,baseline,7,15,7,2,TRUE,TRUE
E0281,H17,washing_machine,great,immediate_usage,FALSE,baseline,baseline,7,15,7,2,TRUE,TRUE
E0282,H17,phone_charging,ok,immediate_usage,FALSE,baseline,baseline,7,17,7,2,TRUE,TRUE
E0283,H17,phone_charging,great,nudge_accept,FALSE,nudge,nudge,8,13,8,3,TRUE,TRUE
E0284,H17,phone_charging,great,nudge_accept,FALSE,nudge,nudge,9,13,9,4,TRUE,TRUE
E0285,H17,washing_machine,great,backdated_usage,TRUE,nudge,nudge,9,13,9,4,TRUE,TRUE
E0286,H17,washing_machine,great,backdated_usage,TRUE,nudge,nudge,9,16,9,4,TRUE,TRUE
E0287,H17,phone_charging,great,backdated_usage,TRUE,nudge,nudge,10,10,10,5,TRUE,TRUE
E0288,H17,washing_machine,great,backdated_usage,TRUE,nudge,nudge,10,15,10,5,TRUE,TRUE
E0289,H17,phone_charging,great,nudge_accept,FALSE,nudge,nudge,11,11,11,6,TRUE,TRUE
E0290,H17,washing_machine,great,backdated_usage,TRUE,nudge,nudge,11,15,11,6,TRUE,TRUE
E0291,H17,phone_charging,great,nudge_accept,FALSE,nudge,nudge,11,16,11,6,TRUE,TRUE
E0292,H17,phone_charging,great,backdated_usage,TRUE,nudge,nudge,12,16,12,7,TRUE,TRUE
E0293,H17,phone_charging,bad,nudge_accept,FALSE,nudge,nudge,13,7,13,1,TRUE,TRUE
E0294,H17,washing_machine,great,backdated_usage,TRUE,nudge,nudge,13,16,13,1,TRUE,TRUE
E0295,H17,phone_charging,bad,nudge_accept,FALSE,nudge,nudge,13,22,12,7,TRUE,TRUE
E0296,H17,phone_charging,great,nudge_accept,FALSE,nudge,nudge,14,15,14,2,TRUE,TRUE
E0297,H17,phone_charging,bad,nudge_accept,FALSE,nudge,nudge,14,21,13,1,TRUE,TRUE
E0298,H18,phone_charging,bad,immediate_usage,FALSE,baseline,baseline,1,,,,TRUE,TRUE
E0299,H18,phone_charging,bad,immediate_usage,FALSE,baseline,baseline,1,,,,TRUE,TRUE
E0300,H18,phone_charging,ok,backdated_usage,TRUE,baseline,baseline,3,,,,TRUE,TRUE
E0301,H18,dishwasher,great,backdated_usage,TRUE,baseline,baseline,4,,,,TRUE,TRUE
E0302,H18,phone_charging,bad,immediate_usage,FALSE,baseline,baseline,6,,,,TRUE,TRUE
E0303,H18,dishwasher,ok,nudge_accept,FALSE,nudge,nudge,8,,,,TRUE,TRUE
E0304,H18,phone_charging,bad,nudge_accept,FALSE,nudge,nudge,9,,,,TRUE,TRUE
E0305,H18,phone_charging,ok,nudge_accept,FALSE,nudge,nudge,11,,,,TRUE,TRUE
E0306,H19,phone_charging,great,immediate_usage,FALSE,baseline,baseline,1,,,,TRUE,TRUE
E0307,H19,dishwasher,great,immediate_usage,FALSE,baseline,baseline,2,,,,TRUE,TRUE
E0308,H19,washing_machine,great,immediate_usage,FALSE,baseline,baseline,2,,,,TRUE,TRUE
E0309,H19,phone_charging,great,immediate_usage,FALSE,baseline,baseline,3,,,,TRUE,TRUE
E0310,H19,dishwasher,ok,immediate_usage,FALSE,baseline,baseline,5,,,,TRUE,TRUE
E0311,H19,phone_charging,bad,immediate_usage,FALSE,baseline,baseline,5,,,,TRUE,TRUE
E0312,H19,phone_charging,bad,immediate_usage,FALSE,baseline,baseline,6,,,,TRUE,TRUE
E0313,H19,phone_charging,bad,nudge_accept,FALSE,nudge,nudge,8,,,,TRUE,TRUE
E0314,H19,washing_machine,great,nudge_accept,FALSE,nudge,nudge,8,,,,TRUE,TRUE
E0315,H19,phone_charging,ok,nudge_accept,FALSE,nudge,nudge,11,,,,TRUE,TRUE
E0316,H19,phone_charging,ok,nudge_accept,FALSE,nudge,nudge,12,,,,TRUE,TRUE
E0317,H20,dishwasher,ok,backdated_usage,TRUE,baseline,baseline,1,8,-2,7,TRUE,FALSE
E0318,H20,washing_machine,bad,backdated_usage,TRUE,baseline,baseline,1,21,-3,6,TRUE,FALSE
E0319,H20,washing_machine,ok,backdated_usage,TRUE,baseline,baseline,3,8,0,2,TRUE,FALSE
E0320,H21,phone_charging,ok,immediate_usage,FALSE,baseline,baseline,1,9,9,4,TRUE,TRUE
E0321,H21,washing_machine,great,immediate_usage,FALSE,baseline,baseline,1,12,8,3,TRUE,TRUE
E0322,H21,washing_machine,great,immediate_usage,FALSE,baseline,baseline,1,13,8,3,TRUE,TRUE
E0323,H21,phone_charging,great,immediate_usage,FALSE,baseline,baseline,1,16,8,3,TRUE,TRUE
E0324,H21,phone_charging,great,immediate_usage,FALSE,baseline,baseline,3,11,11,6,TRUE,TRUE
E0325,H21,phone_charging,great,immediate_usage,FALSE,baseline,baseline,3,11,11,6,TRUE,TRUE
E0326,H21,phone_charging,great,immediate_usage,FALSE,baseline,baseline,4,10,12,7,TRUE,TRUE
E0327,H21,washing_machine,great,immediate_usage,FALSE,baseline,baseline,4,10,12,7,TRUE,TRUE
E0328,H21,washing_machine,ok,immediate_usage,FALSE,baseline,baseline,5,17,12,7,TRUE,TRUE
E0329,H21,dishwasher,bad,immediate_usage,FALSE,baseline,baseline,6,22,13,1,TRUE,TRUE
E0330,H21,phone_charging,bad,immediate_usage,FALSE,baseline,baseline,6,23,13,1,TRUE,TRUE
E0331,H21,phone_charging,bad,immediate_usage,FALSE,baseline,baseline,7,23,14,2,TRUE,TRUE
E0332,H21,dishwasher,great,nudge_accept,FALSE,nudge,nudge,11,15,18,6,TRUE,TRUE
E0333,H21,phone_charging,great,nudge_accept,FALSE,nudge,nudge,11,15,18,6,TRUE,TRUE
E0334,H21,washing_machine,bad,nudge_accept,FALSE,nudge,nudge,12,20,19,7,TRUE,TRUE
E0335,H21,phone_charging,bad,nudge_accept,FALSE,nudge,nudge,12,20,19,7,TRUE,TRUE
E0336,H22,phone_charging,bad,immediate_usage,FALSE,baseline,baseline,1,0,2,4,TRUE,TRUE
E0337,H22,phone_charging,bad,immediate_usage,FALSE,baseline,baseline,2,23,2,4,TRUE,TRUE
E0338,H22,phone_charging,ok,immediate_usage,FALSE,baseline,baseline,5,9,5,7,TRUE,TRUE
E0339,H22,washing_machine,ok,immediate_usage,FALSE,baseline,baseline,5,9,5,7,TRUE,TRUE
E0340,H22,phone_charging,bad,immediate_usage,FALSE,baseline,baseline,7,7,8,3,TRUE,TRUE
E0341,H22,phone_charging,bad,immediate_usage,FALSE,baseline,baseline,7,7,8,3,TRUE,TRUE
E0342,H22,phone_charging,bad,immediate_usage,FALSE,baseline,baseline,7,19,7,2,TRUE,TRUE
E0343,H22,phone_charging,ok,nudge_accept,FALSE,nudge,nudge,11,9,11,6,TRUE,TRUE
E0344,H22,washing_machine,ok,nudge_accept,FALSE,nudge,nudge,11,9,11,6,TRUE,TRUE
E0345,H23,phone_charging,bad,immediate_usage,FALSE,baseline,baseline,1,20,4,6,TRUE,TRUE
E0346,H23,phone_charging,bad,immediate_usage,FALSE,baseline,baseline,4,20,8,3,TRUE,TRUE
E0347,H23,phone_charging,bad,immediate_usage,FALSE,baseline,baseline,4,20,7,2,TRUE,TRUE
E0348,H23,phone_charging,bad,nudge_accept,FALSE,nudge,nudge,10,21,13,1,TRUE,TRUE
E0349,H23,phone_charging,bad,nudge_accept,FALSE,nudge,nudge,11,20,15,3,TRUE,TRUE
E0350,H23,phone_charging,bad,nudge_accept,FALSE,nudge,nudge,13,6,17,5,TRUE,TRUE
E0351,H24,phone_charging,bad,immediate_usage,FALSE,baseline,baseline,1,23,-4,5,TRUE,TRUE
E0352,H24,phone_charging,bad,immediate_usage,FALSE,baseline,baseline,1,23,-4,5,TRUE,TRUE
E0353,H24,washing_machine,ok,backdated_usage,TRUE,baseline,baseline,2,9,-2,7,TRUE,TRUE
E0354,H24,phone_charging,bad,backdated_usage,TRUE,baseline,baseline,2,22,-3,6,TRUE,TRUE
E0355,H24,phone_charging,bad,backdated_usage,TRUE,baseline,baseline,2,22,-3,6,TRUE,TRUE
E0356,H24,dishwasher,ok,backdated_usage,TRUE,baseline,baseline,4,8,0,2,TRUE,TRUE
E0357,H24,washing_machine,bad,immediate_usage,FALSE,baseline,baseline,4,22,-1,1,TRUE,TRUE
E0358,H24,phone_charging,bad,immediate_usage,FALSE,baseline,baseline,4,23,-1,1,TRUE,TRUE
E0359,H24,phone_charging,bad,immediate_usage,FALSE,baseline,baseline,4,23,-1,1,TRUE,TRUE
E0360,H24,phone_charging,bad,immediate_usage,FALSE,baseline,baseline,4,23,-1,1,TRUE,TRUE
E0361,H24,phone_charging,bad,backdated_usage,TRUE,baseline,baseline,5,21,1,3,TRUE,TRUE
E0362,H24,phone_charging,bad,immediate_usage,FALSE,baseline,baseline,5,23,0,2,TRUE,TRUE
E0363,H24,phone_charging,bad,backdated_usage,TRUE,baseline,baseline,7,0,3,5,TRUE,TRUE
E0364,H24,phone_charging,bad,backdated_usage,TRUE,baseline,baseline,7,0,3,5,TRUE,TRUE
E0365,H24,washing_machine,ok,backdated_usage,TRUE,baseline,baseline,7,9,3,5,TRUE,TRUE
E0366,H24,washing_machine,great,backdated_usage,TRUE,baseline,baseline,7,10,3,5,TRUE,TRUE
E0367,H24,dishwasher,bad,immediate_usage,FALSE,baseline,baseline,7,21,3,5,TRUE,TRUE
E0368,H24,phone_charging,bad,backdated_usage,TRUE,nudge,nudge,8,21,4,6,TRUE,TRUE
E0369,H24,phone_charging,bad,backdated_usage,TRUE,nudge,nudge,8,21,4,6,TRUE,TRUE
E0370,H24,phone_charging,bad,backdated_usage,TRUE,nudge,nudge,8,23,3,5,TRUE,TRUE
E0371,H24,phone_charging,bad,backdated_usage,TRUE,nudge,nudge,8,23,3,5,TRUE,TRUE
E0372,H24,phone_charging,bad,backdated_usage,TRUE,nudge,nudge,12,0,8,3,TRUE,TRUE
E0373,H24,phone_charging,ok,backdated_usage,TRUE,nudge,nudge,12,17,8,3,TRUE,TRUE
E0374,H24,phone_charging,bad,backdated_usage,TRUE,nudge,nudge,13,21,9,4,TRUE,TRUE
E0375,H24,phone_charging,bad,backdated_usage,TRUE,nudge,nudge,13,23,8,3,TRUE,TRUE
E0376,H24,washing_machine,great,backdated_usage,TRUE,nudge,nudge,14,10,10,5,TRUE,TRUE
E0377,H24,washing_machine,great,backdated_usage,TRUE,nudge,nudge,14,11,10,5,TRUE,TRUE
E0378,H24,washing_machine,great,backdated_usage,TRUE,nudge,nudge,14,13,10,5,TRUE,TRUE
E0379,H24,dishwasher,great,nudge_accept,FALSE,nudge,nudge,14,16,10,5,TRUE,TRUE
E0380,H25,phone_charging,great,immediate_usage,FALSE,baseline,baseline,1,10,-2,7,TRUE,TRUE
E0381,H25,washing_machine,great,immediate_usage,FALSE,baseline,baseline,2,13,-2,7,TRUE,TRUE
E0382,H25,phone_charging,bad,immediate_usage,FALSE,baseline,baseline,2,23,-2,7,TRUE,TRUE
E0383,H25,phone_charging,bad,immediate_usage,FALSE,baseline,baseline,3,0,0,2,TRUE,TRUE
E0384,H25,phone_charging,bad,immediate_usage,FALSE,baseline,baseline,4,22,0,2,TRUE,TRUE
E0385,H25,phone_charging,bad,immediate_usage,FALSE,baseline,baseline,4,23,0,2,TRUE,TRUE
E0386,H25,phone_charging,bad,immediate_usage,FALSE,baseline,baseline,5,20,1,3,TRUE,TRUE
E0387,H25,phone_charging,bad,immediate_usage,FALSE,baseline,baseline,5,22,1,3,TRUE,TRUE
E0388,H25,phone_charging,bad,immediate_usage,FALSE,baseline,baseline,6,20,2,4,TRUE,TRUE
E0389,H25,phone_charging,bad,immediate_usage,FALSE,baseline,baseline,6,23,2,4,TRUE,TRUE
E0390,H25,phone_charging,bad,immediate_usage,FALSE,baseline,baseline,7,19,3,5,TRUE,TRUE
E0391,H25,phone_charging,bad,nudge_accept,FALSE,nudge,nudge,9,23,5,7,TRUE,TRUE
E0392,H25,washing_machine,great,nudge_accept,FALSE,nudge,nudge,10,14,6,1,TRUE,TRUE
E0393,H25,washing_machine,great,nudge_accept,FALSE,nudge,nudge,10,15,6,1,TRUE,TRUE
E0394,H25,phone_charging,great,nudge_accept,FALSE,nudge,nudge,10,15,6,1,TRUE,TRUE
E0395,H25,washing_machine,great,nudge_accept,FALSE,nudge,nudge,13,12,9,4,TRUE,TRUE
E0396,H25,phone_charging,great,nudge_accept,FALSE,nudge,nudge,13,12,9,4,TRUE,TRUE
E0397,H26,washing_machine,bad,backdated_usage,TRUE,baseline,baseline,1,7,0,2,TRUE,TRUE
E0398,H26,phone_charging,great,immediate_usage,FALSE,baseline,baseline,1,16,-1,1,TRUE,TRUE
E0399,H26,washing_machine,great,immediate_usage,FALSE,baseline,baseline,1,16,-1,1,TRUE,TRUE
E0400,H26,washing_machine,ok,immediate_usage,FALSE,baseline,baseline,2,8,1,3,TRUE,TRUE
E0401,H26,phone_charging,great,immediate_usage,FALSE,baseline,baseline,2,16,0,2,TRUE,TRUE
E0402,H26,phone_charging,ok,immediate_usage,FALSE,baseline,baseline,2,17,0,2,TRUE,TRUE
E0403,H26,phone_charging,great,immediate_usage,FALSE,baseline,baseline,3,16,1,3,TRUE,TRUE
E0404,H26,washing_machine,bad,immediate_usage,FALSE,baseline,baseline,3,22,1,3,TRUE,TRUE
E0405,H26,phone_charging,bad,immediate_usage,FALSE,baseline,baseline,3,23,1,3,TRUE,TRUE
E0406,H26,washing_machine,bad,backdated_usage,TRUE,baseline,baseline,4,23,2,4,TRUE,TRUE
E0407,H26,phone_charging,bad,backdated_usage,TRUE,baseline,baseline,4,23,2,4,TRUE,TRUE
E0408,H26,washing_machine,bad,backdated_usage,TRUE,baseline,baseline,5,7,4,6,TRUE,TRUE
E0409,H26,phone_charging,great,immediate_usage,FALSE,baseline,baseline,5,16,4,6,TRUE,TRUE
E0410,H26,washing_machine,bad,backdated_usage,TRUE,baseline,baseline,5,21,3,5,TRUE,TRUE
E0411,H26,phone_charging,bad,immediate_usage,FALSE,baseline,baseline,5,22,3,5,TRUE,TRUE
E0412,H26,phone_charging,bad,immediate_usage,FALSE,baseline,baseline,6,22,4,6,TRUE,TRUE
E0413,H26,washing_machine,ok,backdated_usage,TRUE,baseline,baseline,7,8,6,1,TRUE,TRUE
E0414,H26,phone_charging,bad,immediate_usage,FALSE,baseline,baseline,7,21,5,7,TRUE,TRUE
E0415,H26,phone_charging,great,nudge_accept,FALSE,nudge,nudge,8,15,7,2,TRUE,TRUE
E0416,H26,phone_charging,bad,nudge_accept,FALSE,nudge,nudge,8,20,6,1,TRUE,TRUE
E0417,H26,phone_charging,ok,nudge_accept,FALSE,nudge,nudge,11,17,9,4,TRUE,TRUE
E0418,H26,phone_charging,bad,nudge_accept,FALSE,nudge,nudge,11,22,9,4,TRUE,TRUE
E0419,H26,phone_charging,bad,nudge_accept,FALSE,nudge,nudge,11,22,9,4,TRUE,TRUE
E0420,H26,washing_machine,great,nudge_accept,FALSE,nudge,nudge,13,11,12,7,TRUE,TRUE
E0421,H26,phone_charging,ok,nudge_accept,FALSE,nudge,nudge,14,8,13,1,TRUE,TRUE
E0422,H27,phone_charging,great,immediate_usage,FALSE,baseline,baseline,1,16,5,7,TRUE,TRUE
E0423,H27,phone_charging,bad,immediate_usage,FALSE,baseline,baseline,1,20,4,6,TRUE,TRUE
E0424,H27,dishwasher,bad,immediate_usage,FALSE,baseline,baseline,2,20,6,1,TRUE,TRUE
E0425,H27,phone_charging,bad,immediate_usage,FALSE,baseline,baseline,2,23,5,7,TRUE,TRUE
E0426,H27,phone_charging,ok,immediate_usage,FALSE,baseline,baseline,3,17,7,2,TRUE,TRUE
E0427,H27,phone_charging,bad,immediate_usage,FALSE,baseline,baseline,3,21,6,1,TRUE,TRUE
E0428,H27,phone_charging,ok,immediate_usage,FALSE,baseline,baseline,5,17,9,4,TRUE,TRUE
E0429,H27,dishwasher,ok,immediate_usage,FALSE,baseline,baseline,5,17,9,4,TRUE,TRUE
E0430,H27,dishwasher,great,immediate_usage,FALSE,baseline,baseline,6,13,10,5,TRUE,TRUE
E0431,H27,washing_machine,great,immediate_usage,FALSE,baseline,baseline,6,13,10,5,TRUE,TRUE
E0432,H27,phone_charging,bad,immediate_usage,FALSE,baseline,baseline,6,22,9,4,TRUE,TRUE
E0433,H27,phone_charging,bad,nudge_accept,FALSE,nudge,nudge,9,20,12,7,TRUE,TRUE
E0434,H27,phone_charging,bad,nudge_accept,FALSE,nudge,nudge,10,22,13,1,TRUE,TRUE
E0435,H27,dishwasher,great,nudge_accept,FALSE,nudge,nudge,13,16,17,5,TRUE,TRUE
E0436,H27,phone_charging,great,nudge_accept,FALSE,nudge,nudge,13,16,17,5,TRUE,TRUE
E0437,H27,washing_machine,great,nudge_accept,FALSE,nudge,nudge,13,16,17,5,TRUE,TRUE
E0438,H27,phone_charging,great,nudge_accept,FALSE,nudge,nudge,14,10,18,6,TRUE,TRUE
E0439,H28,phone_charging,bad,immediate_usage,FALSE,baseline,baseline,1,,,,TRUE,TRUE
E0440,H28,phone_charging,bad,immediate_usage,FALSE,baseline,baseline,2,,,,TRUE,TRUE
E0441,H28,washing_machine,great,immediate_usage,FALSE,baseline,baseline,3,,,,TRUE,TRUE
E0442,H28,phone_charging,ok,immediate_usage,FALSE,baseline,baseline,4,,,,TRUE,TRUE
E0443,H28,phone_charging,great,immediate_usage,FALSE,baseline,baseline,5,,,,TRUE,TRUE
E0444,H28,phone_charging,great,immediate_usage,FALSE,baseline,baseline,7,,,,TRUE,TRUE
E0445,H28,phone_charging,bad,nudge_accept,FALSE,nudge,nudge,8,,,,TRUE,TRUE
E0446,H28,washing_machine,great,nudge_accept,FALSE,nudge,nudge,9,,,,TRUE,TRUE
E0447,H28,phone_charging,great,nudge_accept,FALSE,nudge,nudge,11,,,,TRUE,TRUE
E0448,H28,phone_charging,bad,nudge_accept,FALSE,nudge,nudge,12,,,,TRUE,TRUE
E0449,H28,washing_machine,bad,nudge_accept,FALSE,nudge,nudge,14,,,,TRUE,TRUE
E0450,H29,phone_charging,great,immediate_usage,FALSE,baseline,baseline,2,,,,TRUE,TRUE
E0451,H29,washing_machine,great,immediate_usage,FALSE,baseline,baseline,3,,,,TRUE,TRUE
E0452,H29,phone_charging,bad,immediate_usage,FALSE,baseline,baseline,4,,,,TRUE,TRUE
E0453,H29,phone_charging,ok,immediate_usage,FALSE,baseline,baseline,5,,,,TRUE,TRUE
E0454,H29,phone_charging,great,backdated_usage,TRUE,baseline,baseline,6,,,,TRUE,TRUE
E0455,H29,washing_machine,ok,nudge_accept,FALSE,nudge,nudge,9,,,,TRUE,TRUE
E0456,H29,phone_charging,great,nudge_accept,FALSE,nudge,nudge,9,,,,TRUE,TRUE
E0457,H29,phone_charging,ok,nudge_accept,FALSE,nudge,nudge,13,,,,TRUE,TRUE
E0458,H30,dishwasher,ok,nudge_accept,FALSE,nudge,nudge,8,18,7,2,TRUE,FALSE
E0459,H30,dishwasher,bad,backdated_usage,TRUE,nudge,nudge,8,19,7,2,TRUE,FALSE
E0460,H30,dishwasher,ok,backdated_usage,TRUE,nudge,nudge,10,18,9,4,TRUE,FALSE
E0461,H30,dishwasher,ok,backdated_usage,TRUE,nudge,nudge,14,8,14,2,TRUE,FALSE
E0462,H31,phone_charging,great,immediate_usage,FALSE,baseline,baseline,1,10,0,2,TRUE,TRUE
E0463,H31,phone_charging,bad,immediate_usage,FALSE,baseline,baseline,1,19,0,2,TRUE,TRUE
E0464,H31,washing_machine,bad,immediate_usage,FALSE,baseline,baseline,1,21,-1,1,TRUE,TRUE
E0465,H31,washing_machine,bad,immediate_usage,FALSE,baseline,baseline,1,21,-1,1,TRUE,TRUE
E0466,H31,phone_charging,bad,immediate_usage,FALSE,baseline,baseline,1,21,-1,1,TRUE,TRUE
E0467,H31,washing_machine,ok,backdated_usage,TRUE,baseline,baseline,2,8,1,3,TRUE,TRUE
E0468,H31,phone_charging,great,immediate_usage,FALSE,baseline,baseline,2,10,1,3,TRUE,TRUE
E0469,H31,phone_charging,bad,backdated_usage,TRUE,baseline,baseline,2,21,1,3,TRUE,TRUE
E0470,H31,phone_charging,great,immediate_usage,FALSE,baseline,baseline,3,13,2,4,TRUE,TRUE
E0471,H31,phone_charging,bad,immediate_usage,FALSE,baseline,baseline,3,19,2,4,TRUE,TRUE
E0472,H31,washing_machine,ok,immediate_usage,FALSE,baseline,baseline,4,9,3,5,TRUE,TRUE
E0473,H31,phone_charging,bad,immediate_usage,FALSE,baseline,baseline,4,22,2,4,TRUE,TRUE
E0474,H31,phone_charging,ok,immediate_usage,FALSE,baseline,baseline,5,17,4,6,TRUE,TRUE
E0475,H31,phone_charging,bad,immediate_usage,FALSE,baseline,baseline,5,19,4,6,TRUE,TRUE
E0476,H31,washing_machine,bad,backdated_usage,TRUE,baseline,baseline,5,21,4,6,TRUE,TRUE
E0477,H31,phone_charging,bad,immediate_usage,FALSE,baseline,baseline,6,0,5,7,TRUE,TRUE
E0478,H31,phone_charging,great,immediate_usage,FALSE,baseline,baseline,6,12,5,7,TRUE,TRUE
E0479,H31,washing_machine,great,immediate_usage,FALSE,baseline,baseline,6,13,5,7,TRUE,TRUE
E0480,H31,phone_charging,ok,immediate_usage,FALSE,baseline,baseline,6,18,5,7,TRUE,TRUE
E0481,H31,washing_machine,great,nudge_accept,FALSE,nudge,nudge,9,10,8,3,TRUE,TRUE
E0482,H31,phone_charging,bad,nudge_accept,FALSE,nudge,nudge,10,0,9,4,TRUE,TRUE
E0483,H31,washing_machine,ok,nudge_accept,FALSE,nudge,nudge,10,9,9,4,TRUE,TRUE
E0484,H31,phone_charging,ok,nudge_accept,FALSE,nudge,nudge,10,9,9,4,TRUE,TRUE
E0485,H31,phone_charging,great,nudge_accept,FALSE,nudge,nudge,11,11,10,5,TRUE,TRUE
E0486,H31,phone_charging,great,nudge_accept,FALSE,nudge,nudge,11,15,10,5,TRUE,TRUE
E0487,H31,washing_machine,great,nudge_accept,FALSE,nudge,nudge,11,15,10,5,TRUE,TRUE
E0488,H31,phone_charging,great,nudge_accept,FALSE,nudge,nudge,12,10,11,6,TRUE,TRUE
E0489,H31,phone_charging,bad,nudge_accept,FALSE,nudge,nudge,14,23,12,7,TRUE,TRUE
E0490,H32,phone_charging,bad,immediate_usage,FALSE,baseline,baseline,1,,,,TRUE,TRUE
E0491,H32,dishwasher,great,immediate_usage,FALSE,baseline,baseline,2,,,,TRUE,TRUE
E0492,H32,phone_charging,ok,immediate_usage,FALSE,baseline,baseline,3,,,,TRUE,TRUE
E0493,H32,washing_machine,great,immediate_usage,FALSE,baseline,baseline,3,,,,TRUE,TRUE
E0494,H32,phone_charging,bad,immediate_usage,FALSE,baseline,baseline,5,,,,TRUE,TRUE
E0495,H32,phone_charging,bad,immediate_usage,FALSE,baseline,baseline,7,,,,TRUE,TRUE
E0496,H32,phone_charging,ok,nudge_accept,FALSE,nudge,nudge,8,,,,TRUE,TRUE
E0497,H32,phone_charging,bad,nudge_accept,FALSE,nudge,nudge,10,,,,TRUE,TRUE
E0498,H32,phone_charging,great,nudge_accept,FALSE,nudge,nudge,11,,,,TRUE,TRUE
E0499,H32,phone_charging,bad,nudge_accept,FALSE,nudge,nudge,13,,,,TRUE,TRUE
E0500,H33,washing_machine,great,immediate_usage,FALSE,baseline,baseline,1,11,-3,6,TRUE,TRUE
E0501,H33,dishwasher,great,immediate_usage,FALSE,baseline,baseline,1,11,-3,6,TRUE,TRUE
E0502,H33,washing_machine,great,immediate_usage,FALSE,baseline,baseline,1,11,-3,6,TRUE,TRUE
E0503,H33,dishwasher,great,immediate_usage,FALSE,baseline,baseline,1,11,-3,6,TRUE,TRUE
E0504,H33,phone_charging,great,immediate_usage,FALSE,baseline,baseline,1,16,-3,6,TRUE,TRUE
E0505,H33,washing_machine,great,immediate_usage,FALSE,baseline,baseline,1,16,-3,6,TRUE,TRUE
E0506,H33,phone_charging,ok,immediate_usage,FALSE,baseline,baseline,2,8,-1,1,TRUE,TRUE
E0507,H33,phone_charging,bad,immediate_usage,FALSE,baseline,baseline,3,4,0,2,TRUE,TRUE
E0508,H33,washing_machine,great,immediate_usage,FALSE,baseline,baseline,4,10,1,3,TRUE,TRUE
E0509,H33,phone_charging,great,immediate_usage,FALSE,baseline,baseline,4,10,1,3,TRUE,TRUE
E0510,H33,dishwasher,great,immediate_usage,FALSE,baseline,baseline,4,10,1,3,TRUE,TRUE
E0511,H33,dishwasher,great,immediate_usage,FALSE,baseline,baseline,4,13,0,2,TRUE,TRUE
E0512,H33,washing_machine,bad,nudge_accept,FALSE,nudge,nudge,8,0,5,7,TRUE,TRUE
E0513,H33,phone_charging,bad,nudge_accept,FALSE,nudge,nudge,8,0,5,7,TRUE,TRUE
E0514,H33,phone_charging,great,nudge_accept,FALSE,nudge,nudge,9,12,5,7,TRUE,TRUE
E0515,H33,phone_charging,bad,backdated_usage,TRUE,nudge,nudge,9,23,5,7,TRUE,TRUE
E0516,H33,phone_charging,great,backdated_usage,TRUE,nudge,nudge,10,11,7,2,TRUE,TRUE
E0517,H33,phone_charging,bad,nudge_accept,FALSE,nudge,nudge,10,20,6,1,TRUE,TRUE
E0518,H33,phone_charging,bad,nudge_accept,FALSE,nudge,nudge,11,7,8,3,TRUE,TRUE
E0519,H33,dishwasher,bad,backdated_usage,TRUE,nudge,nudge,11,21,7,2,TRUE,TRUE
E0520,H34,phone_charging,bad,immediate_usage,FALSE,baseline,baseline,1,,,,TRUE,TRUE
E0521,H34,dishwasher,great,immediate_usage,FALSE,baseline,baseline,1,,,,TRUE,TRUE
E0522,H34,phone_charging,bad,immediate_usage,FALSE,baseline,baseline,2,,,,TRUE,TRUE
E0523,H34,phone_charging,bad,immediate_usage,FALSE,baseline,baseline,4,,,,TRUE,TRUE
E0524,H34,phone_charging,bad,immediate_usage,FALSE,baseline,baseline,6,,,,TRUE,TRUE
E0525,H34,dishwasher,bad,immediate_usage,FALSE,baseline,baseline,6,,,,TRUE,TRUE
E0526,H34,phone_charging,ok,nudge_accept,FALSE,nudge,nudge,12,,,,TRUE,TRUE
E0527,H35,washing_machine,great,immediate_usage,FALSE,baseline,baseline,1,15,5,7,TRUE,FALSE
E0528,H35,phone_charging,bad,immediate_usage,FALSE,baseline,baseline,1,22,5,7,TRUE,FALSE
E0529,H35,phone_charging,bad,immediate_usage,FALSE,baseline,baseline,2,22,6,1,TRUE,FALSE
E0530,H35,dishwasher,bad,immediate_usage,FALSE,baseline,baseline,2,22,6,1,TRUE,FALSE
E0531,H35,washing_machine,bad,immediate_usage,FALSE,baseline,baseline,3,20,7,2,TRUE,FALSE
E0532,H35,phone_charging,bad,immediate_usage,FALSE,baseline,baseline,3,20,7,2,TRUE,FALSE
E0533,H35,phone_charging,bad,immediate_usage,FALSE,baseline,baseline,5,21,9,4,TRUE,FALSE
E0534,H35,phone_charging,bad,immediate_usage,FALSE,baseline,baseline,6,22,10,5,TRUE,FALSE
E0535,H36,phone_charging,bad,backdated_usage,TRUE,baseline,baseline,1,,,,TRUE,TRUE
E0536,H36,phone_charging,bad,immediate_usage,FALSE,baseline,baseline,2,,,,TRUE,TRUE
E0537,H36,phone_charging,bad,immediate_usage,FALSE,baseline,baseline,3,,,,TRUE,TRUE
E0538,H36,phone_charging,great,backdated_usage,TRUE,baseline,baseline,4,,,,TRUE,TRUE
E0539,H36,washing_machine,great,immediate_usage,FALSE,baseline,baseline,4,,,,TRUE,TRUE
E0540,H36,dishwasher,bad,immediate_usage,FALSE,baseline,baseline,4,,,,TRUE,TRUE
E0541,H36,phone_charging,ok,immediate_usage,FALSE,baseline,baseline,6,,,,TRUE,TRUE
E0542,H36,phone_charging,bad,nudge_accept,FALSE,nudge,nudge,8,,,,TRUE,TRUE
E0543,H36,washing_machine,great,nudge_accept,FALSE,nudge,nudge,10,,,,TRUE,TRUE
E0544,H36,phone_charging,ok,nudge_accept,FALSE,nudge,nudge,14,,,,TRUE,TRUE
E0545,H37,phone_charging,bad,immediate_usage,FALSE,baseline,baseline,1,6,6,1,TRUE,TRUE
E0546,H37,phone_charging,great,immediate_usage,FALSE,baseline,baseline,2,11,7,2,TRUE,TRUE
E0547,H37,dishwasher,bad,immediate_usage,FALSE,baseline,baseline,2,20,6,1,TRUE,TRUE
E0548,H37,phone_charging,ok,immediate_usage,FALSE,baseline,baseline,4,18,8,3,TRUE,TRUE
E0549,H37,phone_charging,bad,immediate_usage,FALSE,baseline,baseline,5,21,9,4,TRUE,TRUE
E0550,H37,phone_charging,bad,immediate_usage,FALSE,baseline,baseline,7,21,11,6,TRUE,TRUE
E0551,H37,washing_machine,bad,immediate_usage,FALSE,baseline,baseline,7,21,11,6,TRUE,TRUE
E0552,H37,dishwasher,bad,immediate_usage,FALSE,baseline,baseline,7,21,11,6,TRUE,TRUE
E0553,H37,phone_charging,bad,immediate_usage,FALSE,baseline,baseline,7,21,11,6,TRUE,TRUE
E0554,H37,washing_machine,bad,immediate_usage,FALSE,baseline,baseline,7,21,11,6,TRUE,TRUE
E0555,H37,phone_charging,great,nudge_accept,FALSE,nudge,nudge,11,13,16,4,TRUE,TRUE
E0556,H37,dishwasher,great,nudge_accept,FALSE,nudge,nudge,11,13,16,4,TRUE,TRUE
E0557,H37,washing_machine,great,nudge_accept,FALSE,nudge,nudge,11,16,15,3,TRUE,TRUE
E0558,H37,phone_charging,great,nudge_accept,FALSE,nudge,nudge,11,16,15,3,TRUE,TRUE
E0559,H38,washing_machine,great,backdated_usage,TRUE,baseline,baseline,1,10,-2,7,TRUE,FALSE
E0560,H38,washing_machine,great,immediate_usage,FALSE,baseline,baseline,1,10,-2,7,TRUE,FALSE
E0561,H39,phone_charging,bad,immediate_usage,FALSE,baseline,baseline,1,22,4,6,TRUE,FALSE
E0562,H39,dishwasher,bad,immediate_usage,FALSE,baseline,baseline,2,19,6,1,TRUE,FALSE
E0563,H39,phone_charging,bad,immediate_usage,FALSE,baseline,baseline,2,19,6,1,TRUE,FALSE
E0564,H39,phone_charging,great,immediate_usage,FALSE,baseline,baseline,3,11,7,2,TRUE,FALSE
E0565,H39,washing_machine,great,immediate_usage,FALSE,baseline,baseline,3,11,7,2,TRUE,FALSE
E0566,H39,dishwasher,great,immediate_usage,FALSE,baseline,baseline,3,11,7,2,TRUE,FALSE
E0567,H39,phone_charging,bad,immediate_usage,FALSE,baseline,baseline,4,0,8,3,TRUE,FALSE
E0568,H40,phone_charging,great,immediate_usage,FALSE,baseline,baseline,1,14,1,3,TRUE,TRUE
E0569,H40,phone_charging,great,backdated_usage,TRUE,baseline,baseline,1,16,1,3,TRUE,TRUE
E0570,H40,phone_charging,great,immediate_usage,FALSE,baseline,baseline,1,16,1,3,TRUE,TRUE
E0571,H40,phone_charging,bad,immediate_usage,FALSE,baseline,baseline,1,21,1,3,TRUE,TRUE
E0572,H40,phone_charging,great,immediate_usage,FALSE,baseline,baseline,3,11,3,5,TRUE,TRUE
E0573,H40,phone_charging,bad,immediate_usage,FALSE,baseline,baseline,4,5,4,6,TRUE,TRUE
E0574,H40,washing_machine,bad,immediate_usage,FALSE,baseline,baseline,4,5,4,6,TRUE,TRUE
E0575,H40,phone_charging,ok,immediate_usage,FALSE,baseline,baseline,5,17,5,7,TRUE,TRUE
E0576,H40,phone_charging,bad,immediate_usage,FALSE,baseline,baseline,5,23,4,6,TRUE,TRUE
E0577,H40,washing_machine,bad,immediate_usage,FALSE,baseline,baseline,5,23,4,6,TRUE,TRUE
E0578,H40,phone_charging,great,immediate_usage,FALSE,baseline,baseline,6,14,6,1,TRUE,TRUE
E0579,H40,phone_charging,great,immediate_usage,FALSE,baseline,baseline,7,15,7,2,TRUE,TRUE
E0580,H40,phone_charging,great,nudge_accept,FALSE,nudge,nudge,8,10,8,3,TRUE,TRUE
E0581,H40,phone_charging,bad,nudge_accept,FALSE,nudge,nudge,8,22,8,3,TRUE,TRUE
E0582,H40,phone_charging,great,nudge_accept,FALSE,nudge,nudge,9,10,9,4,TRUE,TRUE
E0583,H40,phone_charging,great,nudge_accept,FALSE,nudge,nudge,10,11,10,5,TRUE,TRUE
E0584,H41,phone_charging,bad,immediate_usage,FALSE,baseline,baseline,1,20,0,2,TRUE,TRUE
E0585,H41,phone_charging,bad,immediate_usage,FALSE,baseline,baseline,2,1,2,4,TRUE,TRUE
E0586,H41,phone_charging,bad,immediate_usage,FALSE,baseline,baseline,3,21,2,4,TRUE,TRUE
E0587,H41,phone_charging,bad,immediate_usage,FALSE,baseline,baseline,5,3,5,7,TRUE,TRUE
E0588,H41,washing_machine,great,immediate_usage,FALSE,baseline,baseline,5,16,4,6,TRUE,TRUE
E0589,H41,phone_charging,bad,backdated_usage,TRUE,nudge,nudge,9,19,8,3,TRUE,TRUE
E0590,H41,washing_machine,great,backdated_usage,TRUE,nudge,nudge,12,11,12,7,TRUE,TRUE
E0591,H41,phone_charging,bad,backdated_usage,TRUE,nudge,nudge,12,19,11,6,TRUE,TRUE
E0592,H41,washing_machine,great,nudge_accept,FALSE,nudge,nudge,13,13,12,7,TRUE,TRUE
E0593,H41,phone_charging,great,nudge_accept,FALSE,nudge,nudge,13,14,12,7,TRUE,TRUE
E0594,H42,phone_charging,great,immediate_usage,FALSE,baseline,baseline,1,11,-2,7,TRUE,TRUE
E0595,H42,dishwasher,great,immediate_usage,FALSE,baseline,baseline,1,15,-3,6,TRUE,TRUE
E0596,H42,washing_machine,great,immediate_usage,FALSE,baseline,baseline,2,11,-1,1,TRUE,TRUE
E0597,H42,dishwasher,great,backdated_usage,TRUE,baseline,baseline,2,12,-1,1,TRUE,TRUE
E0598,H42,phone_charging,bad,immediate_usage,FALSE,baseline,baseline,3,19,-1,1,TRUE,TRUE
E0599,H42,dishwasher,bad,backdated_usage,TRUE,baseline,baseline,4,7,1,3,TRUE,TRUE
E0600,H42,washing_machine,bad,backdated_usage,TRUE,baseline,baseline,4,7,1,3,TRUE,TRUE
E0601,H42,dishwasher,great,backdated_usage,TRUE,baseline,baseline,4,13,1,3,TRUE,TRUE
E0602,H42,dishwasher,ok,backdated_usage,TRUE,baseline,baseline,4,17,0,2,TRUE,TRUE
E0603,H42,washing_machine,ok,backdated_usage,TRUE,baseline,baseline,4,17,0,2,TRUE,TRUE
E0604,H42,washing_machine,ok,backdated_usage,TRUE,baseline,baseline,5,8,2,4,TRUE,TRUE
E0605,H42,phone_charging,great,backdated_usage,TRUE,baseline,baseline,5,14,2,4,TRUE,TRUE
E0606,H42,phone_charging,ok,immediate_usage,FALSE,baseline,baseline,5,17,1,3,TRUE,TRUE
E0607,H42,dishwasher,great,backdated_usage,TRUE,baseline,baseline,6,12,3,5,TRUE,TRUE
E0608,H42,dishwasher,great,immediate_usage,FALSE,baseline,baseline,7,11,4,6,TRUE,TRUE
E0609,H42,phone_charging,great,backdated_usage,TRUE,baseline,nudge,7,14,4,6,TRUE,TRUE
E0610,H42,washing_machine,great,backdated_usage,TRUE,baseline,baseline,7,16,3,5,TRUE,TRUE
E0611,H42,dishwasher,ok,backdated_usage,TRUE,nudge,nudge,8,8,5,7,TRUE,TRUE
E0612,H42,washing_machine,great,backdated_usage,TRUE,nudge,nudge,8,11,5,7,TRUE,TRUE
E0613,H42,washing_machine,great,backdated_usage,TRUE,nudge,nudge,8,15,4,6,TRUE,TRUE
E0614,H42,phone_charging,great,nudge_accept,FALSE,nudge,nudge,9,10,6,1,TRUE,TRUE
E0615,H42,washing_machine,great,backdated_usage,TRUE,nudge,nudge,9,13,6,1,TRUE,TRUE
E0616,H42,dishwasher,great,backdated_usage,TRUE,nudge,nudge,9,14,6,1,TRUE,TRUE
E0617,H42,washing_machine,great,backdated_usage,TRUE,nudge,nudge,10,13,7,2,TRUE,TRUE
E0618,H42,washing_machine,great,backdated_usage,TRUE,nudge,nudge,11,13,8,3,TRUE,TRUE
E0619,H42,dishwasher,great,backdated_usage,TRUE,nudge,nudge,11,15,7,2,TRUE,TRUE
E0620,H42,phone_charging,great,nudge_accept,FALSE,nudge,nudge,11,15,7,2,TRUE,TRUE
E0621,H42,dishwasher,ok,backdated_usage,TRUE,nudge,nudge,12,8,9,4,TRUE,TRUE
E0622,H42,dishwasher,ok,nudge_accept,FALSE,nudge,nudge,12,18,8,3,TRUE,TRUE
E0623,H42,dishwasher,great,backdated_usage,TRUE,nudge,nudge,13,11,10,5,TRUE,TRUE
E0624,H42,washing_machine,great,backdated_usage,TRUE,nudge,nudge,13,14,10,5,TRUE,TRUE
E0625,H42,phone_charging,great,nudge_accept,FALSE,nudge,nudge,13,15,9,4,TRUE,TRUE
E0626,H43,washing_machine,great,backdated_usage,TRUE,baseline,baseline,1,,,,TRUE,TRUE
E0627,H43,phone_charging,great,backdated_usage,TRUE,baseline,baseline,1,,,,TRUE,TRUE
E0628,H43,phone_charging,ok,immediate_usage,FALSE,baseline,baseline,2,,,,TRUE,TRUE
E0629,H43,dishwasher,great,immediate_usage,FALSE,baseline,baseline,3,,,,TRUE,TRUE
E0630,H43,phone_charging,bad,immediate_usage,FALSE,baseline,baseline,4,,,,TRUE,TRUE
E0631,H43,phone_charging,bad,immediate_usage,FALSE,baseline,baseline,4,,,,TRUE,TRUE
E0632,H43,phone_charging,ok,immediate_usage,FALSE,baseline,baseline,5,,,,TRUE,TRUE
E0633,H43,phone_charging,great,nudge_accept,FALSE,nudge,nudge,10,,,,TRUE,TRUE
E0634,H43,washing_machine,ok,nudge_accept,FALSE,nudge,nudge,13,,,,TRUE,TRUE
E0635,H44,phone_charging,great,immediate_usage,FALSE,baseline,baseline,2,,,,TRUE,TRUE
E0636,H44,phone_charging,great,immediate_usage,FALSE,baseline,baseline,4,,,,TRUE,TRUE
E0637,H44,phone_charging,great,immediate_usage,FALSE,baseline,baseline,6,,,,TRUE,TRUE
E0638,H44,phone_charging,bad,immediate_usage,FALSE,baseline,baseline,7,,,,TRUE,TRUE
E0639,H44,washing_machine,bad,immediate_usage,FALSE,baseline,baseline,7,,,,TRUE,TRUE
E0640,H44,phone_charging,great,nudge_accept,FALSE,nudge,nudge,10,,,,TRUE,TRUE
E0641,H44,phone_charging,ok,nudge_accept,FALSE,nudge,nudge,13,,,,TRUE,TRUE
E0642,H44,phone_charging,ok,nudge_accept,FALSE,nudge,nudge,14,,,,TRUE,TRUE
E0643,H45,phone_charging,great,immediate_usage,FALSE,baseline,baseline,1,13,1,3,TRUE,FALSE
E0644,H45,phone_charging,bad,immediate_usage,FALSE,baseline,baseline,2,20,2,4,TRUE,FALSE
E0645,H45,phone_charging,great,immediate_usage,FALSE,baseline,baseline,3,10,3,5,TRUE,FALSE
E0646,H45,washing_machine,great,immediate_usage,FALSE,baseline,baseline,3,10,3,5,TRUE,FALSE
E0647,H46,washing_machine,great,immediate_usage,FALSE,baseline,baseline,1,10,-3,6,TRUE,TRUE
E0648,H46,dishwasher,bad,immediate_usage,FALSE,baseline,baseline,1,22,-3,6,TRUE,TRUE
E0649,H46,phone_charging,bad,immediate_usage,FALSE,baseline,baseline,2,0,-2,7,TRUE,TRUE
E0650,H46,phone_charging,bad,immediate_usage,FALSE,baseline,baseline,3,22,-2,7,TRUE,TRUE
E0651,H46,dishwasher,great,immediate_usage,FALSE,baseline,baseline,4,13,0,2,TRUE,TRUE
E0652,H46,phone_charging,bad,immediate_usage,FALSE,baseline,baseline,4,23,-1,1,TRUE,TRUE
E0653,H46,phone_charging,bad,immediate_usage,FALSE,baseline,baseline,5,23,0,2,TRUE,TRUE
E0654,H46,phone_charging,bad,immediate_usage,FALSE,baseline,baseline,7,23,2,4,TRUE,TRUE
E0655,H46,washing_machine,great,backdated_usage,TRUE,nudge,nudge,8,11,4,6,TRUE,TRUE
E0656,H46,dishwasher,great,backdated_usage,TRUE,nudge,nudge,8,13,4,6,TRUE,TRUE
E0657,H46,phone_charging,bad,backdated_usage,TRUE,nudge,nudge,8,23,3,5,TRUE,TRUE
E0658,H46,phone_charging,bad,backdated_usage,TRUE,nudge,nudge,13,23,8,3,TRUE,TRUE
E0659,H47,phone_charging,ok,backdated_usage,TRUE,baseline,baseline,1,,,,TRUE,TRUE
E0660,H47,washing_machine,great,immediate_usage,FALSE,baseline,baseline,1,,,,TRUE,TRUE
E0661,H47,dishwasher,great,immediate_usage,FALSE,baseline,baseline,2,,,,TRUE,TRUE
E0662,H47,phone_charging,ok,immediate_usage,FALSE,baseline,baseline,3,,,,TRUE,TRUE
E0663,H47,phone_charging,bad,immediate_usage,FALSE,baseline,baseline,4,,,,TRUE,TRUE
E0664,H47,phone_charging,bad,immediate_usage,FALSE,baseline,baseline,5,,,,TRUE,TRUE
E0665,H47,phone_charging,bad,immediate_usage,FALSE,baseline,baseline,5,,,,TRUE,TRUE
E0666,H47,dishwasher,ok,immediate_usage,FALSE,baseline,baseline,6,,,,TRUE,TRUE
E0667,H47,washing_machine,ok,immediate_usage,FALSE,baseline,baseline,7,,,,TRUE,TRUE
E0668,H47,dishwasher,bad,nudge_accept,FALSE,nudge,nudge,10,,,,TRUE,TRUE
E0669,H47,dishwasher,ok,nudge_accept,FALSE,nudge,nudge,13,,,,TRUE,TRUE
E0670,H47,phone_charging,bad,nudge_accept,FALSE,nudge,nudge,13,,,,TRUE,TRUE
E0671,H48,phone_charging,great,immediate_usage,FALSE,baseline,baseline,1,11,-2,7,TRUE,FALSE
E0672,H49,washing_machine,bad,immediate_usage,FALSE,baseline,baseline,1,7,1,3,TRUE,TRUE
E0673,H49,phone_charging,bad,immediate_usage,FALSE,baseline,baseline,1,7,1,3,TRUE,TRUE
E0674,H49,phone_charging,bad,immediate_usage,FALSE,baseline,baseline,6,20,6,1,TRUE,TRUE
E0675,H49,washing_machine,bad,immediate_usage,FALSE,baseline,baseline,7,6,7,2,TRUE,TRUE
E0676,H49,washing_machine,bad,nudge_accept,FALSE,nudge,nudge,8,7,8,3,TRUE,TRUE
E0677,H49,washing_machine,bad,nudge_accept,FALSE,nudge,nudge,8,7,8,3,TRUE,TRUE
E0678,H49,phone_charging,great,nudge_accept,FALSE,nudge,nudge,8,10,8,3,TRUE,TRUE
E0679,H49,phone_charging,bad,nudge_accept,FALSE,nudge,nudge,8,23,7,2,TRUE,TRUE
E0680,H49,washing_machine,bad,backdated_usage,TRUE,nudge,nudge,9,6,9,4,TRUE,TRUE
E0681,H49,washing_machine,bad,backdated_usage,TRUE,nudge,nudge,9,6,9,4,TRUE,TRUE
E0682,H49,washing_machine,great,nudge_accept,FALSE,nudge,nudge,9,12,9,4,TRUE,TRUE
E0683,H49,phone_charging,great,nudge_accept,FALSE,nudge,nudge,14,20,14,2,TRUE,TRUE
E0684,H49,washing_machine,great,nudge_accept,FALSE,nudge,nudge,14,20,14,2,TRUE,TRUE
E0685,H50,phone_charging,bad,immediate_usage,FALSE,baseline,baseline,2,,,,TRUE,TRUE
E0686,H50,dishwasher,bad,immediate_usage,FALSE,baseline,baseline,3,,,,TRUE,TRUE
E0687,H50,phone_charging,bad,backdated_usage,TRUE,baseline,baseline,3,,,,TRUE,TRUE
E0688,H50,washing_machine,great,immediate_usage,FALSE,baseline,baseline,4,,,,TRUE,TRUE
E0689,H50,phone_charging,bad,immediate_usage,FALSE,baseline,baseline,4,,,,TRUE,TRUE
E0690,H50,dishwasher,bad,immediate_usage,FALSE,baseline,baseline,6,,,,TRUE,TRUE
E0691,H50,phone_charging,bad,immediate_usage,FALSE,baseline,baseline,6,,,,TRUE,TRUE
E0692,H50,phone_charging,ok,nudge_accept,FALSE,nudge,nudge,9,,,,TRUE,TRUE
E0693,H50,dishwasher,great,nudge_accept,FALSE,nudge,nudge,11,,,,TRUE,TRUE
E0694,H50,phone_charging,bad,nudge_accept,FALSE,nudge,nudge,13,,,,TRUE,TRUE
E0695,H51,phone_charging,ok,immediate_usage,FALSE,baseline,baseline,1,18,-1,1,TRUE,TRUE
E0696,H51,washing_machine,ok,immediate_usage,FALSE,baseline,baseline,1,18,-1,1,TRUE,TRUE
E0697,H51,washing_machine,bad,immediate_usage,FALSE,baseline,baseline,2,0,1,3,TRUE,TRUE
E0698,H51,phone_charging,bad,immediate_usage,FALSE,baseline,baseline,2,0,1,3,TRUE,TRUE
E0699,H51,phone_charging,great,immediate_usage,FALSE,baseline,baseline,2,15,1,3,TRUE,TRUE
E0700,H51,phone_charging,great,immediate_usage,FALSE,baseline,baseline,2,15,1,3,TRUE,TRUE
E0701,H51,washing_machine,great,immediate_usage,FALSE,baseline,baseline,2,15,1,3,TRUE,TRUE
E0702,H51,phone_charging,bad,immediate_usage,FALSE,baseline,baseline,4,19,2,4,TRUE,TRUE
E0703,H51,washing_machine,bad,immediate_usage,FALSE,baseline,baseline,4,19,2,4,TRUE,TRUE
E0704,H51,phone_charging,great,immediate_usage,FALSE,baseline,baseline,7,16,6,1,TRUE,TRUE
E0705,H51,washing_machine,great,immediate_usage,FALSE,baseline,baseline,7,16,6,1,TRUE,TRUE
E0706,H51,phone_charging,great,nudge_accept,FALSE,nudge,nudge,8,11,7,2,TRUE,TRUE
E0707,H51,washing_machine,great,nudge_accept,FALSE,nudge,nudge,8,11,7,2,TRUE,TRUE
E0708,H51,phone_charging,great,nudge_accept,FALSE,nudge,nudge,8,11,7,2,TRUE,TRUE
E0709,H51,phone_charging,bad,backdated_usage,TRUE,nudge,nudge,8,22,6,1,TRUE,TRUE
E0710,H51,phone_charging,great,nudge_accept,FALSE,nudge,nudge,9,12,8,3,TRUE,TRUE
E0711,H51,washing_machine,great,nudge_accept,FALSE,nudge,nudge,9,12,8,3,TRUE,TRUE
E0712,H51,washing_machine,great,nudge_accept,FALSE,nudge,nudge,11,15,10,5,TRUE,TRUE
E0713,H51,phone_charging,great,nudge_accept,FALSE,nudge,nudge,11,15,10,5,TRUE,TRUE
E0714,H51,washing_machine,great,nudge_accept,FALSE,nudge,nudge,12,14,11,6,TRUE,TRUE
E0715,H51,phone_charging,great,nudge_accept,FALSE,nudge,nudge,12,14,11,6,TRUE,TRUE
E0716,H51,phone_charging,great,nudge_accept,FALSE,nudge,nudge,12,16,11,6,TRUE,TRUE
E0717,H51,phone_charging,bad,nudge_accept,FALSE,nudge,nudge,12,23,10,5,TRUE,TRUE
E0718,H51,phone_charging,bad,nudge_accept,FALSE,nudge,nudge,12,23,10,5,TRUE,TRUE
E0719,H52,phone_charging,bad,immediate_usage,FALSE,baseline,baseline,1,22,-3,6,TRUE,TRUE
E0720,H52,phone_charging,bad,immediate_usage,FALSE,baseline,baseline,2,22,-2,7,TRUE,TRUE
E0721,H52,phone_charging,bad,backdated_usage,TRUE,baseline,baseline,2,22,-2,7,TRUE,TRUE
E0722,H52,dishwasher,ok,immediate_usage,FALSE,baseline,baseline,3,17,-1,1,TRUE,TRUE
E0723,H52,washing_machine,bad,immediate_usage,FALSE,baseline,baseline,3,20,-1,1,TRUE,TRUE
E0724,H52,phone_charging,bad,immediate_usage,FALSE,baseline,baseline,3,22,-1,1,TRUE,TRUE
E0725,H52,dishwasher,bad,immediate_usage,FALSE,baseline,baseline,4,21,0,2,TRUE,TRUE
E0726,H52,phone_charging,bad,immediate_usage,FALSE,baseline,baseline,4,22,0,2,TRUE,TRUE
E0727,H52,phone_charging,bad,immediate_usage,FALSE,baseline,baseline,5,22,1,3,TRUE,TRUE
E0728,H52,dishwasher,bad,immediate_usage,FALSE,baseline,baseline,5,22,1,3,TRUE,TRUE
E0729,H52,phone_charging,bad,immediate_usage,FALSE,baseline,baseline,6,1,3,5,TRUE,TRUE
E0730,H52,dishwasher,bad,backdated_usage,TRUE,baseline,baseline,6,21,2,4,TRUE,TRUE
E0731,H52,washing_machine,ok,backdated_usage,TRUE,baseline,baseline,7,18,3,5,TRUE,TRUE
E0732,H52,dishwasher,ok,backdated_usage,TRUE,nudge,nudge,9,9,5,7,TRUE,TRUE
E0733,H52,phone_charging,ok,nudge_accept,FALSE,nudge,nudge,9,9,5,7,TRUE,TRUE
E0734,H52,phone_charging,bad,nudge_accept,FALSE,nudge,nudge,9,21,5,7,TRUE,TRUE
E0735,H52,phone_charging,bad,nudge_accept,FALSE,nudge,nudge,10,22,6,1,TRUE,TRUE
E0736,H52,dishwasher,bad,nudge_accept,FALSE,nudge,nudge,10,22,6,1,TRUE,TRUE
E0737,H52,phone_charging,bad,nudge_accept,FALSE,nudge,nudge,11,7,8,3,TRUE,TRUE
E0738,H52,phone_charging,bad,nudge_accept,FALSE,nudge,nudge,12,23,8,3,TRUE,TRUE
E0739,H52,dishwasher,bad,nudge_accept,FALSE,nudge,nudge,12,23,8,3,TRUE,TRUE
E0740,H52,dishwasher,ok,backdated_usage,TRUE,nudge,nudge,14,9,10,5,TRUE,TRUE
E0741,H52,phone_charging,great,nudge_accept,FALSE,nudge,nudge,14,14,10,5,TRUE,TRUE
E0742,H53,phone_charging,bad,immediate_usage,FALSE,baseline,baseline,1,,,,TRUE,TRUE
E0743,H53,dishwasher,bad,immediate_usage,FALSE,baseline,baseline,2,,,,TRUE,TRUE
E0744,H53,phone_charging,bad,immediate_usage,FALSE,baseline,baseline,3,,,,TRUE,TRUE
E0745,H53,phone_charging,bad,immediate_usage,FALSE,baseline,baseline,4,,,,TRUE,TRUE
E0746,H53,phone_charging,bad,immediate_usage,FALSE,baseline,baseline,4,,,,TRUE,TRUE
E0747,H53,phone_charging,bad,immediate_usage,FALSE,baseline,baseline,6,,,,TRUE,TRUE
E0748,H53,dishwasher,bad,immediate_usage,FALSE,baseline,baseline,6,,,,TRUE,TRUE
E0749,H53,phone_charging,bad,nudge_accept,FALSE,nudge,nudge,11,,,,TRUE,TRUE
E0750,H53,phone_charging,great,nudge_accept,FALSE,nudge,nudge,12,,,,TRUE,TRUE
E0751,H53,phone_charging,bad,nudge_accept,FALSE,nudge,nudge,13,,,,TRUE,TRUE
E0752,H54,phone_charging,ok,immediate_usage,FALSE,baseline,baseline,1,8,-3,6,TRUE,TRUE
E0753,H54,phone_charging,ok,immediate_usage,FALSE,baseline,baseline,1,8,-3,6,TRUE,TRUE
E0754,H54,washing_machine,ok,immediate_usage,FALSE,baseline,baseline,1,9,-3,6,TRUE,TRUE
E0755,H54,phone_charging,great,immediate_usage,FALSE,baseline,baseline,1,13,-3,6,TRUE,TRUE
E0756,H54,phone_charging,bad,immediate_usage,FALSE,baseline,baseline,2,22,-2,7,TRUE,TRUE
E0757,H54,phone_charging,bad,immediate_usage,FALSE,baseline,baseline,3,20,-1,1,TRUE,TRUE
E0758,H54,phone_charging,bad,immediate_usage,FALSE,baseline,baseline,4,19,0,2,TRUE,TRUE
E0759,H54,phone_charging,great,backdated_usage,TRUE,baseline,baseline,5,16,1,3,TRUE,TRUE
E0760,H54,phone_charging,bad,backdated_usage,TRUE,baseline,baseline,5,20,1,3,TRUE,TRUE
E0761,H54,washing_machine,ok,immediate_usage,FALSE,baseline,baseline,6,8,2,4,TRUE,TRUE
E0762,H54,phone_charging,ok,immediate_usage,FALSE,baseline,baseline,6,17,2,4,TRUE,TRUE
E0763,H54,phone_charging,great,immediate_usage,FALSE,baseline,baseline,7,10,3,5,TRUE,TRUE
E0764,H54,phone_charging,bad,backdated_usage,TRUE,baseline,nudge,7,23,3,5,TRUE,TRUE
E0765,H54,washing_machine,great,backdated_usage,TRUE,nudge,nudge,8,10,4,6,TRUE,TRUE
E0766,H54,phone_charging,ok,nudge_accept,FALSE,nudge,nudge,8,18,4,6,TRUE,TRUE
E0767,H54,washing_machine,ok,backdated_usage,TRUE,nudge,nudge,9,18,5,7,TRUE,TRUE
E0768,H54,phone_charging,ok,nudge_accept,FALSE,nudge,nudge,10,9,6,1,TRUE,TRUE
E0769,H54,phone_charging,ok,nudge_accept,FALSE,nudge,nudge,10,18,6,1,TRUE,TRUE
E0770,H54,phone_charging,great,nudge_accept,FALSE,nudge,nudge,11,14,7,2,TRUE,TRUE
E0771,H54,phone_charging,bad,nudge_accept,FALSE,nudge,nudge,11,23,7,2,TRUE,TRUE
E0772,H54,phone_charging,ok,nudge_accept,FALSE,nudge,nudge,12,18,8,3,TRUE,TRUE
E0773,H54,phone_charging,ok,nudge_accept,FALSE,nudge,nudge,13,8,9,4,TRUE,TRUE
E0774,H54,washing_machine,ok,nudge_accept,FALSE,nudge,nudge,13,8,9,4,TRUE,TRUE
E0775,H54,washing_machine,great,backdated_usage,TRUE,nudge,nudge,13,11,9,4,TRUE,TRUE
E0776,H54,phone_charging,ok,nudge_accept,FALSE,nudge,nudge,13,18,9,4,TRUE,TRUE
E0777,H54,phone_charging,ok,backdated_usage,TRUE,nudge,nudge,14,17,10,5,TRUE,TRUE
E0778,H54,phone_charging,bad,nudge_accept,FALSE,nudge,nudge,14,19,10,5,TRUE,TRUE
E0779,H55,phone_charging,bad,immediate_usage,FALSE,baseline,baseline,1,19,-1,1,TRUE,FALSE
E0780,H56,phone_charging,ok,immediate_usage,FALSE,baseline,baseline,1,,,,TRUE,TRUE
E0781,H56,phone_charging,bad,immediate_usage,FALSE,baseline,baseline,3,,,,TRUE,TRUE
E0782,H56,dishwasher,bad,immediate_usage,FALSE,baseline,baseline,4,,,,TRUE,TRUE
E0783,H56,phone_charging,bad,immediate_usage,FALSE,baseline,baseline,5,,,,TRUE,TRUE
E0784,H56,washing_machine,great,immediate_usage,FALSE,baseline,baseline,5,,,,TRUE,TRUE
E0785,H56,phone_charging,bad,immediate_usage,FALSE,baseline,baseline,7,,,,TRUE,TRUE
E0786,H56,phone_charging,ok,nudge_accept,FALSE,nudge,nudge,9,,,,TRUE,TRUE
E0787,H56,phone_charging,bad,nudge_accept,FALSE,nudge,nudge,12,,,,TRUE,TRUE
E0788,H57,phone_charging,ok,immediate_usage,FALSE,baseline,baseline,1,,,,TRUE,TRUE
E0789,H57,phone_charging,ok,immediate_usage,FALSE,baseline,baseline,3,,,,TRUE,TRUE
E0790,H57,phone_charging,bad,immediate_usage,FALSE,baseline,baseline,4,,,,TRUE,TRUE
E0791,H57,phone_charging,ok,immediate_usage,FALSE,baseline,baseline,6,,,,TRUE,TRUE
E0792,H57,washing_machine,great,immediate_usage,FALSE,baseline,baseline,7,,,,TRUE,TRUE
E0793,H57,phone_charging,bad,immediate_usage,FALSE,baseline,baseline,7,,,,TRUE,TRUE
E0794,H57,washing_machine,great,nudge_accept,FALSE,nudge,nudge,12,,,,TRUE,TRUE
E0795,H57,phone_charging,great,nudge_accept,FALSE,nudge,nudge,13,,,,TRUE,TRUE
E0796,H58,washing_machine,bad,immediate_usage,FALSE,baseline,baseline,2,,,,TRUE,TRUE
E0797,H58,phone_charging,bad,backdated_usage,TRUE,baseline,baseline,2,,,,TRUE,TRUE
E0798,H58,dishwasher,bad,immediate_usage,FALSE,baseline,baseline,3,,,,TRUE,TRUE
E0799,H58,phone_charging,bad,immediate_usage,FALSE,baseline,baseline,4,,,,TRUE,TRUE
E0800,H58,phone_charging,bad,immediate_usage,FALSE,baseline,baseline,5,,,,TRUE,TRUE
E0801,H58,phone_charging,bad,immediate_usage,FALSE,baseline,baseline,6,,,,TRUE,TRUE
E0802,H58,dishwasher,bad,immediate_usage,FALSE,baseline,baseline,7,,,,TRUE,TRUE
E0803,H58,phone_charging,bad,nudge_accept,FALSE,nudge,nudge,8,,,,TRUE,TRUE
E0804,H58,washing_machine,ok,nudge_accept,FALSE,nudge,nudge,8,,,,TRUE,TRUE
E0805,H58,phone_charging,great,nudge_accept,FALSE,nudge,nudge,10,,,,TRUE,TRUE
E0806,H58,dishwasher,ok,nudge_accept,FALSE,nudge,nudge,11,,,,TRUE,TRUE
E0807,H58,washing_machine,great,nudge_accept,FALSE,nudge,nudge,14,,,,TRUE,TRUE
E0808,H59,phone_charging,great,backdated_usage,TRUE,baseline,baseline,1,12,5,7,TRUE,TRUE
E0809,H59,phone_charging,great,immediate_usage,FALSE,baseline,baseline,1,12,5,7,TRUE,TRUE
E0810,H59,phone_charging,bad,backdated_usage,TRUE,baseline,baseline,2,21,5,7,TRUE,TRUE
E0811,H59,phone_charging,bad,immediate_usage,FALSE,baseline,baseline,2,21,5,7,TRUE,TRUE
E0812,H59,phone_charging,bad,immediate_usage,FALSE,baseline,baseline,3,20,6,1,TRUE,TRUE
E0813,H59,phone_charging,bad,backdated_usage,TRUE,baseline,baseline,3,20,6,1,TRUE,TRUE
E0814,H59,phone_charging,bad,immediate_usage,FALSE,baseline,baseline,3,22,6,1,TRUE,TRUE
E0815,H59,phone_charging,bad,immediate_usage,FALSE,baseline,baseline,3,23,6,1,TRUE,TRUE
E0816,H59,phone_charging,great,immediate_usage,FALSE,baseline,baseline,4,11,8,3,TRUE,TRUE
E0817,H59,phone_charging,great,immediate_usage,FALSE,baseline,baseline,5,12,9,4,TRUE,TRUE
E0818,H59,phone_charging,great,immediate_usage,FALSE,baseline,baseline,6,12,10,5,TRUE,TRUE
E0819,H59,phone_charging,bad,immediate_usage,FALSE,baseline,baseline,6,22,9,4,TRUE,TRUE
E0820,H59,phone_charging,bad,immediate_usage,FALSE,baseline,baseline,7,22,10,5,TRUE,TRUE
E0821,H59,washing_machine,bad,nudge_accept,FALSE,nudge,nudge,8,21,11,6,TRUE,TRUE
E0822,H59,phone_charging,bad,nudge_accept,FALSE,nudge,nudge,8,21,11,6,TRUE,TRUE
E0823,H59,phone_charging,bad,nudge_accept,FALSE,nudge,nudge,9,22,12,7,TRUE,TRUE
E0824,H59,phone_charging,bad,nudge_accept,FALSE,nudge,nudge,10,19,13,1,TRUE,TRUE
E0825,H59,phone_charging,ok,nudge_accept,FALSE,nudge,nudge,11,17,15,3,TRUE,TRUE
E0826,H59,phone_charging,ok,nudge_accept,FALSE,nudge,nudge,11,18,14,2,TRUE,TRUE
E0827,H59,washing_machine,great,nudge_accept,FALSE,nudge,nudge,13,16,17,5,TRUE,TRUE
E0828,H59,phone_charging,bad,nudge_accept,FALSE,nudge,nudge,13,20,16,4,TRUE,TRUE
E0829,H59,phone_charging,great,nudge_accept,FALSE,nudge,nudge,14,10,18,6,TRUE,TRUE
E0830,H60,phone_charging,ok,immediate_usage,FALSE,baseline,baseline,2,8,1,3,TRUE,TRUE
E0831,H60,washing_machine,ok,backdated_usage,TRUE,baseline,baseline,2,17,0,2,TRUE,TRUE
E0832,H60,washing_machine,ok,backdated_usage,TRUE,baseline,baseline,2,17,0,2,TRUE,TRUE
E0833,H60,washing_machine,bad,immediate_usage,FALSE,baseline,baseline,2,21,0,2,TRUE,TRUE
E0834,H60,washing_machine,bad,immediate_usage,FALSE,baseline,baseline,2,21,0,2,TRUE,TRUE
E0835,H60,washing_machine,bad,immediate_usage,FALSE,baseline,baseline,2,21,0,2,TRUE,TRUE
E0836,H60,phone_charging,ok,immediate_usage,FALSE,baseline,baseline,5,8,3,5,TRUE,TRUE
E0837,H60,phone_charging,ok,immediate_usage,FALSE,baseline,baseline,6,8,4,6,TRUE,TRUE
E0838,H60,phone_charging,bad,immediate_usage,FALSE,baseline,baseline,7,7,6,1,TRUE,TRUE
E0839,H60,phone_charging,ok,nudge_accept,FALSE,nudge,nudge,8,8,7,2,TRUE,TRUE
E0840,H60,phone_charging,ok,nudge_accept,FALSE,nudge,nudge,10,8,9,4,TRUE,TRUE
E0841,H60,phone_charging,great,nudge_accept,FALSE,nudge,nudge,10,11,8,3,TRUE,TRUE
E0842,H60,phone_charging,ok,nudge_accept,FALSE,nudge,nudge,11,8,10,5,TRUE,TRUE
E0843,H60,washing_machine,ok,backdated_usage,TRUE,nudge,nudge,11,9,9,4,TRUE,TRUE
E0844,H60,washing_machine,great,backdated_usage,TRUE,nudge,nudge,11,13,9,4,TRUE,TRUE
E0845,H60,phone_charging,bad,nudge_accept,FALSE,nudge,nudge,12,7,11,6,TRUE,TRUE
E0846,H61,phone_charging,ok,immediate_usage,FALSE,baseline,baseline,1,8,2,4,TRUE,TRUE
E0847,H61,phone_charging,ok,immediate_usage,FALSE,baseline,baseline,1,8,2,4,TRUE,TRUE
E0848,H61,phone_charging,great,immediate_usage,FALSE,baseline,baseline,1,15,2,4,TRUE,TRUE
E0849,H61,phone_charging,ok,immediate_usage,FALSE,baseline,baseline,1,18,2,4,TRUE,TRUE
E0850,H61,phone_charging,ok,immediate_usage,FALSE,baseline,baseline,2,9,3,5,TRUE,TRUE
E0851,H61,phone_charging,bad,immediate_usage,FALSE,baseline,baseline,2,23,3,5,TRUE,TRUE
E0852,H61,phone_charging,great,immediate_usage,FALSE,baseline,baseline,3,14,4,6,TRUE,TRUE
E0853,H61,washing_machine,great,immediate_usage,FALSE,baseline,baseline,3,14,4,6,TRUE,TRUE
E0854,H61,phone_charging,bad,immediate_usage,FALSE,baseline,baseline,3,21,4,6,TRUE,TRUE
E0855,H61,phone_charging,great,immediate_usage,FALSE,baseline,baseline,4,10,5,7,TRUE,TRUE
E0856,H61,phone_charging,ok,immediate_usage,FALSE,baseline,baseline,5,9,6,1,TRUE,TRUE
E0857,H61,phone_charging,great,backdated_usage,TRUE,baseline,baseline,6,16,7,2,TRUE,TRUE
E0858,H61,phone_charging,bad,immediate_usage,FALSE,baseline,baseline,6,22,7,2,TRUE,TRUE
E0859,H61,phone_charging,ok,immediate_usage,FALSE,baseline,baseline,7,8,8,3,TRUE,TRUE
E0860,H61,phone_charging,bad,immediate_usage,FALSE,baseline,baseline,7,22,8,3,TRUE,TRUE
E0861,H61,phone_charging,ok,backdated_usage,TRUE,nudge,nudge,14,9,15,3,TRUE,TRUE
E0862,H61,phone_charging,ok,backdated_usage,TRUE,nudge,nudge,14,17,15,3,TRUE,TRUE
E0863,H61,phone_charging,bad,nudge_accept,FALSE,nudge,nudge,14,23,15,3,TRUE,TRUE
E0864,H62,phone_charging,bad,backdated_usage,TRUE,baseline,baseline,1,21,0,2,TRUE,TRUE
E0865,H62,phone_charging,bad,immediate_usage,FALSE,baseline,baseline,1,21,0,2,TRUE,TRUE
E0866,H62,phone_charging,bad,immediate_usage,FALSE,baseline,baseline,1,21,0,2,TRUE,TRUE
E0867,H62,washing_machine,bad,immediate_usage,FALSE,baseline,baseline,1,22,0,2,TRUE,TRUE
E0868,H62,washing_machine,ok,immediate_usage,FALSE,baseline,baseline,2,9,2,4,TRUE,TRUE
E0869,H62,washing_machine,great,backdated_usage,TRUE,baseline,baseline,2,10,2,4,TRUE,TRUE
E0870,H62,phone_charging,ok,immediate_usage,FALSE,baseline,baseline,2,18,2,4,TRUE,TRUE
E0871,H62,phone_charging,bad,immediate_usage,FALSE,baseline,baseline,2,23,1,3,TRUE,TRUE
E0872,H62,washing_machine,great,backdated_usage,TRUE,baseline,baseline,3,15,3,5,TRUE,TRUE
E0873,H62,phone_charging,bad,backdated_usage,TRUE,baseline,baseline,4,5,4,6,TRUE,TRUE
E0874,H62,phone_charging,great,backdated_usage,TRUE,baseline,baseline,4,15,4,6,TRUE,TRUE
E0875,H62,washing_machine,great,backdated_usage,TRUE,baseline,baseline,4,15,4,6,TRUE,TRUE
E0876,H62,phone_charging,bad,immediate_usage,FALSE,baseline,baseline,5,6,5,7,TRUE,TRUE
E0877,H62,washing_machine,bad,immediate_usage,FALSE,baseline,baseline,5,6,5,7,TRUE,TRUE
E0878,H62,phone_charging,ok,backdated_usage,TRUE,baseline,baseline,6,18,6,1,TRUE,TRUE
E0879,H62,phone_charging,bad,immediate_usage,FALSE,baseline,baseline,7,1,7,2,TRUE,TRUE
E0880,H62,phone_charging,great,backdated_usage,TRUE,nudge,nudge,9,14,9,4,TRUE,TRUE
E0881,H62,phone_charging,bad,backdated_usage,TRUE,nudge,nudge,9,23,8,3,TRUE,TRUE
E0882,H62,phone_charging,ok,backdated_usage,TRUE,nudge,nudge,10,17,10,5,TRUE,TRUE
E0883,H62,phone_charging,bad,backdated_usage,TRUE,nudge,nudge,11,1,11,6,TRUE,TRUE
E0884,H62,phone_charging,ok,nudge_accept,FALSE,nudge,nudge,12,8,12,7,TRUE,TRUE
E0885,H63,phone_charging,ok,immediate_usage,FALSE,baseline,baseline,2,,,,TRUE,TRUE
E0886,H63,dishwasher,bad,immediate_usage,FALSE,baseline,baseline,3,,,,TRUE,TRUE
E0887,H63,phone_charging,bad,immediate_usage,FALSE,baseline,baseline,4,,,,TRUE,TRUE
E0888,H63,washing_machine,bad,immediate_usage,FALSE,baseline,baseline,4,,,,TRUE,TRUE
E0889,H63,phone_charging,bad,backdated_usage,TRUE,baseline,baseline,5,,,,TRUE,TRUE
E0890,H63,phone_charging,bad,immediate_usage,FALSE,baseline,baseline,6,,,,TRUE,TRUE
E0891,H63,phone_charging,bad,immediate_usage,FALSE,baseline,baseline,7,,,,TRUE,TRUE
E0892,H63,dishwasher,bad,nudge_accept,FALSE,nudge,nudge,8,,,,TRUE,TRUE
E0893,H63,phone_charging,great,backdated_usage,TRUE,nudge,nudge,10,,,,TRUE,TRUE
E0894,H64,phone_charging,great,immediate_usage,FALSE,baseline,baseline,2,11,6,1,TRUE,TRUE
E0895,H64,dishwasher,great,immediate_usage,FALSE,baseline,baseline,2,11,6,1,TRUE,TRUE
E0896,H64,dishwasher,great,immediate_usage,FALSE,baseline,baseline,5,11,9,4,TRUE,TRUE
E0897,H64,phone_charging,great,immediate_usage,FALSE,baseline,baseline,5,11,9,4,TRUE,TRUE
E0898,H64,washing_machine,great,immediate_usage,FALSE,baseline,baseline,6,16,10,5,TRUE,TRUE
E0899,H64,washing_machine,great,immediate_usage,FALSE,baseline,baseline,7,10,11,6,TRUE,TRUE
E0900,H64,dishwasher,great,immediate_usage,FALSE,baseline,baseline,7,10,11,6,TRUE,TRUE
E0901,H64,phone_charging,great,nudge_accept,FALSE,nudge,nudge,10,11,14,2,TRUE,TRUE
E0902,H64,dishwasher,great,nudge_accept,FALSE,nudge,nudge,10,11,14,2,TRUE,TRUE
E0903,H64,phone_charging,bad,nudge_accept,FALSE,nudge,nudge,12,22,16,4,TRUE,TRUE
E0904,H64,phone_charging,great,nudge_accept,FALSE,nudge,nudge,13,10,17,5,TRUE,TRUE
E0905,H65,phone_charging,ok,immediate_usage,FALSE,baseline,baseline,1,,,,TRUE,TRUE
E0906,H65,phone_charging,ok,immediate_usage,FALSE,baseline,baseline,1,,,,TRUE,TRUE
E0907,H65,phone_charging,bad,immediate_usage,FALSE,baseline,baseline,3,,,,TRUE,TRUE
E0908,H65,washing_machine,great,backdated_usage,TRUE,baseline,baseline,3,,,,TRUE,TRUE
E0909,H65,phone_charging,bad,backdated_usage,TRUE,baseline,baseline,3,,,,TRUE,TRUE
E0910,H65,phone_charging,great,immediate_usage,FALSE,baseline,baseline,5,,,,TRUE,TRUE
E0911,H65,phone_charging,bad,nudge_accept,FALSE,nudge,nudge,11,,,,TRUE,TRUE
E0912,H66,phone_charging,great,immediate_usage,FALSE,baseline,baseline,1,16,5,7,TRUE,TRUE
E0913,H66,dishwasher,bad,backdated_usage,TRUE,baseline,baseline,1,20,5,7,TRUE,TRUE
E0914,H66,phone_charging,bad,immediate_usage,FALSE,baseline,baseline,1,22,5,7,TRUE,TRUE
E0915,H66,phone_charging,bad,immediate_usage,FALSE,baseline,baseline,2,22,6,1,TRUE,TRUE
E0916,H66,phone_charging,bad,immediate_usage,FALSE,baseline,baseline,3,19,7,2,TRUE,TRUE
E0917,H66,phone_charging,ok,immediate_usage,FALSE,baseline,baseline,4,17,8,3,TRUE,TRUE
E0918,H66,dishwasher,bad,backdated_usage,TRUE,baseline,baseline,4,20,8,3,TRUE,TRUE
E0919,H66,phone_charging,bad,backdated_usage,TRUE,baseline,baseline,4,23,8,3,TRUE,TRUE
E0920,H66,washing_machine,great,immediate_usage,FALSE,baseline,baseline,5,11,9,4,TRUE,TRUE
E0921,H66,phone_charging,great,immediate_usage,FALSE,baseline,baseline,6,14,10,5,TRUE,TRUE
E0922,H66,washing_machine,great,backdated_usage,TRUE,baseline,baseline,6,14,10,5,TRUE,TRUE
E0923,H66,phone_charging,bad,immediate_usage,FALSE,baseline,baseline,6,20,10,5,TRUE,TRUE
E0924,H66,dishwasher,bad,immediate_usage,FALSE,baseline,baseline,6,23,10,5,TRUE,TRUE
E0925,H66,washing_machine,ok,immediate_usage,FALSE,baseline,baseline,7,9,11,6,TRUE,TRUE
E0926,H66,phone_charging,great,immediate_usage,FALSE,baseline,baseline,7,14,11,6,TRUE,TRUE
E0927,H66,phone_charging,great,immediate_usage,FALSE,baseline,baseline,7,14,11,6,TRUE,TRUE
E0928,H66,phone_charging,bad,immediate_usage,FALSE,baseline,baseline,7,20,11,6,TRUE,TRUE
E0929,H66,phone_charging,great,nudge_accept,FALSE,nudge,nudge,8,10,12,7,TRUE,TRUE
E0930,H66,phone_charging,bad,nudge_accept,FALSE,nudge,nudge,8,20,12,7,TRUE,TRUE
E0931,H66,dishwasher,bad,nudge_accept,FALSE,nudge,nudge,9,0,14,2,TRUE,TRUE
E0932,H66,phone_charging,bad,nudge_accept,FALSE,nudge,nudge,9,21,13,1,TRUE,TRUE
E0933,H66,washing_machine,great,nudge_accept,FALSE,nudge,nudge,10,11,14,2,TRUE,TRUE
E0934,H66,phone_charging,bad,nudge_accept,FALSE,nudge,nudge,10,20,14,2,TRUE,TRUE
E0935,H66,phone_charging,bad,nudge_accept,FALSE,nudge,nudge,11,19,15,3,TRUE,TRUE
E0936,H66,phone_charging,great,nudge_accept,FALSE,nudge,nudge,12,11,16,4,TRUE,TRUE
E0937,H66,washing_machine,great,nudge_accept,FALSE,nudge,nudge,12,13,16,4,TRUE,TRUE
E0938,H66,dishwasher,great,nudge_accept,FALSE,nudge,nudge,12,14,16,4,TRUE,TRUE
E0939,H66,phone_charging,bad,nudge_accept,FALSE,nudge,nudge,12,20,16,4,TRUE,TRUE
E0940,H66,phone_charging,great,nudge_accept,FALSE,nudge,nudge,13,12,17,5,TRUE,TRUE
E0941,H66,washing_machine,great,nudge_accept,FALSE,nudge,nudge,13,12,17,5,TRUE,TRUE
E0942,H66,phone_charging,bad,nudge_accept,FALSE,nudge,nudge,13,20,17,5,TRUE,TRUE
E0943,H66,phone_charging,bad,nudge_accept,FALSE,nudge,nudge,14,19,18,6,TRUE,TRUE
E0944,H66,dishwasher,bad,nudge_accept,FALSE,nudge,nudge,14,19,18,6,TRUE,TRUE
E0945,H67,phone_charging,bad,immediate_usage,FALSE,baseline,baseline,1,,,,TRUE,TRUE
E0946,H67,dishwasher,ok,backdated_usage,TRUE,baseline,baseline,1,,,,TRUE,TRUE
E0947,H67,phone_charging,bad,immediate_usage,FALSE,baseline,baseline,2,,,,TRUE,TRUE
E0948,H67,dishwasher,bad,immediate_usage,FALSE,baseline,baseline,4,,,,TRUE,TRUE
E0949,H67,phone_charging,bad,immediate_usage,FALSE,baseline,baseline,4,,,,TRUE,TRUE
E0950,H67,phone_charging,ok,immediate_usage,FALSE,baseline,baseline,6,,,,TRUE,TRUE
E0951,H67,phone_charging,great,nudge_accept,FALSE,nudge,nudge,11,,,,TRUE,TRUE
E0952,H67,dishwasher,bad,nudge_accept,FALSE,nudge,nudge,12,,,,TRUE,TRUE
E0953,H68,washing_machine,bad,immediate_usage,FALSE,baseline,baseline,1,21,-4,5,TRUE,FALSE
E0954,H68,dishwasher,bad,immediate_usage,FALSE,baseline,baseline,1,21,-4,5,TRUE,FALSE
E0955,H69,phone_charging,bad,immediate_usage,FALSE,baseline,baseline,1,23,-3,6,TRUE,TRUE
E0956,H69,phone_charging,great,backdated_usage,TRUE,baseline,baseline,2,16,-1,1,TRUE,TRUE
E0957,H69,phone_charging,bad,immediate_usage,FALSE,baseline,baseline,2,22,-2,7,TRUE,TRUE
E0958,H69,phone_charging,bad,immediate_usage,FALSE,baseline,baseline,3,23,-1,1,TRUE,TRUE
E0959,H69,phone_charging,bad,immediate_usage,FALSE,baseline,baseline,4,20,1,3,TRUE,TRUE
E0960,H69,phone_charging,bad,immediate_usage,FALSE,baseline,baseline,4,23,0,2,TRUE,TRUE
E0961,H69,phone_charging,bad,immediate_usage,FALSE,baseline,baseline,5,22,1,3,TRUE,TRUE
E0962,H69,phone_charging,bad,backdated_usage,TRUE,baseline,baseline,6,23,2,4,TRUE,TRUE
E0963,H69,phone_charging,bad,immediate_usage,FALSE,baseline,baseline,7,21,3,5,TRUE,TRUE
E0964,H69,phone_charging,bad,immediate_usage,FALSE,baseline,baseline,7,21,4,6,TRUE,TRUE
E0965,H69,phone_charging,bad,backdated_usage,TRUE,nudge,nudge,8,19,5,7,TRUE,TRUE
E0966,H69,washing_machine,great,nudge_accept,FALSE,nudge,nudge,9,13,6,1,TRUE,TRUE
E0967,H69,phone_charging,great,nudge_accept,FALSE,nudge,nudge,9,13,6,1,TRUE,TRUE
E0968,H69,phone_charging,ok,backdated_usage,TRUE,nudge,nudge,10,9,7,2,TRUE,TRUE
E0969,H69,phone_charging,bad,nudge_accept,FALSE,nudge,nudge,11,22,7,2,TRUE,TRUE
E0970,H69,phone_charging,bad,nudge_accept,FALSE,nudge,nudge,12,1,9,4,TRUE,TRUE
E0971,H69,phone_charging,ok,nudge_accept,FALSE,nudge,nudge,12,18,9,4,TRUE,TRUE
E0972,H69,phone_charging,great,nudge_accept,FALSE,nudge,nudge,13,10,10,5,TRUE,TRUE
E0973,H69,phone_charging,great,nudge_accept,FALSE,nudge,nudge,14,10,11,6,TRUE,TRUE
E0974,H70,phone_charging,ok,immediate_usage,FALSE,baseline,baseline,1,9,1,3,TRUE,FALSE
E0975,H70,dishwasher,bad,backdated_usage,TRUE,baseline,baseline,1,22,1,3,TRUE,FALSE
E0976,H70,phone_charging,bad,backdated_usage,TRUE,baseline,baseline,2,22,2,4,TRUE,FALSE
E0977,H70,dishwasher,bad,backdated_usage,TRUE,baseline,baseline,2,22,2,4,TRUE,FALSE
E0978,H71,phone_charging,great,immediate_usage,FALSE,baseline,baseline,1,10,7,2,TRUE,FALSE
E0979,H71,washing_machine,great,backdated_usage,TRUE,baseline,baseline,1,15,7,2,TRUE,FALSE
E0980,H71,phone_charging,bad,immediate_usage,FALSE,baseline,baseline,1,21,7,2,TRUE,FALSE
E0981,H71,phone_charging,great,immediate_usage,FALSE,baseline,baseline,2,11,8,3,TRUE,FALSE
E0982,H71,washing_machine,great,backdated_usage,TRUE,baseline,baseline,2,15,8,3,TRUE,FALSE
E0983,H71,phone_charging,great,backdated_usage,TRUE,baseline,baseline,3,12,9,4,TRUE,FALSE
E0984,H71,phone_charging,great,immediate_usage,FALSE,baseline,baseline,4,11,10,5,TRUE,FALSE
E0985,H71,phone_charging,bad,immediate_usage,FALSE,baseline,baseline,5,6,11,6,TRUE,FALSE
E0986,H72,washing_machine,ok,immediate_usage,FALSE,baseline,baseline,1,9,-3,6,TRUE,TRUE
E0987,H72,dishwasher,ok,immediate_usage,FALSE,baseline,baseline,1,9,-3,6,TRUE,TRUE
E0988,H72,washing_machine,great,immediate_usage,FALSE,baseline,baseline,1,15,-3,6,TRUE,TRUE
E0989,H72,dishwasher,great,immediate_usage,FALSE,baseline,baseline,2,12,-2,7,TRUE,TRUE
E0990,H72,phone_charging,bad,immediate_usage,FALSE,baseline,baseline,2,20,-2,7,TRUE,TRUE
E0991,H72,dishwasher,bad,backdated_usage,TRUE,baseline,baseline,3,20,-1,1,TRUE,TRUE
E0992,H72,phone_charging,bad,immediate_usage,FALSE,baseline,baseline,4,19,0,2,TRUE,TRUE
E0993,H72,dishwasher,bad,backdated_usage,TRUE,baseline,baseline,4,21,0,2,TRUE,TRUE
E0994,H72,washing_machine,bad,immediate_usage,FALSE,baseline,baseline,5,7,1,3,TRUE,TRUE
E0995,H72,washing_machine,bad,immediate_usage,FALSE,baseline,baseline,6,7,2,4,TRUE,TRUE
E0996,H72,dishwasher,bad,immediate_usage,FALSE,baseline,baseline,6,7,2,4,TRUE,TRUE
E0997,H72,washing_machine,ok,nudge_accept,FALSE,nudge,nudge,10,8,6,1,TRUE,TRUE
E0998,H72,dishwasher,great,nudge_accept,FALSE,nudge,nudge,12,10,8,3,TRUE,TRUE
E0999,H72,phone_charging,bad,nudge_accept,FALSE,nudge,nudge,12,20,8,3,TRUE,TRUE
E1000,H72,washing_machine,great,backdated_usage,TRUE,nudge,nudge,13,10,9,4,TRUE,TRUE
E1001,H73,phone_charging,bad,immediate_usage,FALSE,baseline,baseline,1,20,14,2,FALSE,TRUE
E1002,H73,dishwasher,bad,immediate_usage,FALSE,baseline,baseline,1,20,14,2,FALSE,TRUE
E1003,H73,dishwasher,great,immediate_usage,FALSE,baseline,baseline,2,15,16,4,FALSE,TRUE
E1004,H73,phone_charging,great,immediate_usage,FALSE,baseline,baseline,2,15,16,4,FALSE,TRUE
E1005,H73,phone_charging,bad,immediate_usage,FALSE,baseline,baseline,2,21,15,3,FALSE,TRUE
E1006,H73,phone_charging,great,immediate_usage,FALSE,baseline,baseline,3,12,17,5,FALSE,TRUE
E1007,H73,phone_charging,bad,immediate_usage,FALSE,baseline,baseline,4,7,18,6,FALSE,TRUE
E1008,H73,phone_charging,bad,immediate_usage,FALSE,baseline,baseline,5,22,18,6,FALSE,TRUE
E1009,H73,phone_charging,bad,nudge_accept,FALSE,nudge,nudge,8,6,22,3,FALSE,TRUE
E1010,H73,phone_charging,ok,nudge_accept,FALSE,nudge,nudge,8,17,22,3,FALSE,TRUE
E1011,H74,washing_machine,bad,backdated_usage,TRUE,baseline,baseline,1,20,-1,1,TRUE,TRUE
E1012,H74,phone_charging,bad,backdated_usage,TRUE,baseline,baseline,1,23,-2,7,TRUE,TRUE
E1013,H74,dishwasher,bad,immediate_usage,FALSE,baseline,baseline,2,21,-1,1,TRUE,TRUE
E1014,H74,phone_charging,bad,backdated_usage,TRUE,baseline,baseline,2,23,-1,1,TRUE,TRUE
E1015,H74,washing_machine,ok,backdated_usage,TRUE,baseline,baseline,3,17,1,3,TRUE,TRUE
E1016,H74,phone_charging,bad,backdated_usage,TRUE,baseline,baseline,3,22,0,2,TRUE,TRUE
E1017,H74,washing_machine,ok,backdated_usage,TRUE,baseline,baseline,4,17,2,4,TRUE,TRUE
E1018,H74,dishwasher,ok,backdated_usage,TRUE,baseline,baseline,4,18,2,4,TRUE,TRUE
E1019,H74,phone_charging,bad,backdated_usage,TRUE,baseline,baseline,4,22,1,3,TRUE,TRUE
E1020,H74,phone_charging,bad,backdated_usage,TRUE,baseline,baseline,5,22,2,4,TRUE,TRUE
E1021,H74,phone_charging,bad,backdated_usage,TRUE,baseline,baseline,6,23,3,5,TRUE,TRUE
E1022,H74,phone_charging,bad,backdated_usage,TRUE,nudge,nudge,8,21,5,7,TRUE,TRUE
E1023,H74,washing_machine,bad,backdated_usage,TRUE,nudge,nudge,9,7,7,2,TRUE,TRUE
E1024,H74,dishwasher,ok,backdated_usage,TRUE,nudge,nudge,9,17,7,2,TRUE,TRUE
E1025,H74,phone_charging,bad,backdated_usage,TRUE,nudge,nudge,9,23,6,1,TRUE,TRUE
E1026,H74,phone_charging,bad,backdated_usage,TRUE,nudge,nudge,10,0,8,3,TRUE,TRUE
E1027,H74,phone_charging,great,nudge_accept,FALSE,nudge,nudge,10,12,8,3,TRUE,TRUE
E1028,H74,phone_charging,bad,nudge_accept,FALSE,nudge,nudge,11,22,8,3,TRUE,TRUE
E1029,H74,phone_charging,bad,nudge_accept,FALSE,nudge,nudge,11,22,8,3,TRUE,TRUE
E1030,H74,dishwasher,great,nudge_accept,FALSE,nudge,nudge,12,11,10,5,TRUE,TRUE
E1031,H74,phone_charging,bad,backdated_usage,TRUE,nudge,nudge,12,23,9,4,TRUE,TRUE
E1032,H74,washing_machine,great,backdated_usage,TRUE,nudge,nudge,13,16,11,6,TRUE,TRUE
E1033,H74,phone_charging,bad,backdated_usage,TRUE,nudge,nudge,14,23,11,6,TRUE,TRUE
E1034,H75,phone_charging,ok,immediate_usage,FALSE,baseline,baseline,1,,,,TRUE,TRUE
E1035,H75,phone_charging,ok,immediate_usage,FALSE,baseline,baseline,3,,,,TRUE,TRUE
E1036,H75,washing_machine,great,immediate_usage,FALSE,baseline,baseline,4,,,,TRUE,TRUE
E1037,H75,phone_charging,bad,immediate_usage,FALSE,baseline,baseline,5,,,,TRUE,TRUE
E1038,H75,phone_charging,great,backdated_usage,TRUE,baseline,baseline,5,,,,TRUE,TRUE
E1039,H75,phone_charging,bad,immediate_usage,FALSE,baseline,baseline,7,,,,TRUE,TRUE
E1040,H75,phone_charging,ok,nudge_accept,FALSE,nudge,nudge,8,,,,TRUE,TRUE
E1041,H75,phone_charging,bad,nudge_accept,FALSE,nudge,nudge,10,,,,TRUE,TRUE
E1042,H75,phone_charging,ok,nudge_accept,FALSE,nudge,nudge,12,,,,TRUE,TRUE
E1043,H75,phone_charging,great,nudge_accept,FALSE,nudge,nudge,13,,,,TRUE,TRUE
E1044,H76,phone_charging,great,immediate_usage,FALSE,baseline,baseline,1,,,,TRUE,TRUE
E1045,H76,phone_charging,bad,immediate_usage,FALSE,baseline,baseline,3,,,,TRUE,TRUE
E1046,H76,phone_charging,bad,backdated_usage,TRUE,baseline,baseline,4,,,,TRUE,TRUE
E1047,H76,washing_machine,great,immediate_usage,FALSE,baseline,baseline,6,,,,TRUE,TRUE
E1048,H76,phone_charging,bad,immediate_usage,FALSE,baseline,baseline,6,,,,TRUE,TRUE
E1049,H76,phone_charging,ok,nudge_accept,FALSE,nudge,nudge,8,,,,TRUE,TRUE
E1050,H76,phone_charging,ok,nudge_accept,FALSE,nudge,nudge,9,,,,TRUE,TRUE
E1051,H76,washing_machine,great,nudge_accept,FALSE,nudge,nudge,10,,,,TRUE,TRUE
E1052,H76,phone_charging,great,nudge_accept,FALSE,nudge,nudge,12,,,,TRUE,TRUE
E1053,H76,phone_charging,bad,nudge_accept,FALSE,nudge,nudge,12,,,,TRUE,TRUE
E1054,H77,phone_charging,bad,backdated_usage,TRUE,baseline,baseline,1,1,-2,7,TRUE,TRUE
E1055,H77,phone_charging,ok,immediate_usage,FALSE,baseline,baseline,1,19,-3,6,TRUE,TRUE
E1056,H77,dishwasher,bad,immediate_usage,FALSE,baseline,baseline,2,0,-1,1,TRUE,TRUE
E1057,H77,phone_charging,bad,immediate_usage,FALSE,baseline,baseline,2,1,-1,1,TRUE,TRUE
E1058,H77,phone_charging,ok,backdated_usage,TRUE,baseline,baseline,2,19,-2,7,TRUE,TRUE
E1059,H77,phone_charging,bad,backdated_usage,TRUE,baseline,baseline,3,1,0,2,TRUE,TRUE
E1060,H77,phone_charging,bad,immediate_usage,FALSE,baseline,baseline,3,22,-1,1,TRUE,TRUE
E1061,H77,phone_charging,bad,backdated_usage,TRUE,baseline,baseline,4,0,1,3,TRUE,TRUE
E1062,H77,phone_charging,great,backdated_usage,TRUE,baseline,baseline,4,17,0,2,TRUE,TRUE
E1063,H77,phone_charging,bad,immediate_usage,FALSE,baseline,baseline,5,1,2,4,TRUE,TRUE
E1064,H77,washing_machine,great,immediate_usage,FALSE,baseline,baseline,6,15,2,4,TRUE,TRUE
E1065,H77,phone_charging,great,immediate_usage,FALSE,baseline,baseline,6,15,2,4,TRUE,TRUE
E1066,H77,phone_charging,bad,backdated_usage,TRUE,nudge,nudge,8,23,4,6,TRUE,TRUE
E1067,H77,phone_charging,ok,backdated_usage,TRUE,nudge,nudge,9,18,5,7,TRUE,TRUE
E1068,H77,phone_charging,great,nudge_accept,FALSE,nudge,nudge,10,14,6,1,TRUE,TRUE
E1069,H77,dishwasher,bad,backdated_usage,TRUE,nudge,nudge,11,0,8,3,TRUE,TRUE
E1070,H77,phone_charging,ok,nudge_accept,FALSE,nudge,nudge,11,8,8,3,TRUE,TRUE
E1071,H77,phone_charging,bad,nudge_accept,FALSE,nudge,nudge,13,0,10,5,TRUE,TRUE
E1072,H77,phone_charging,ok,nudge_accept,FALSE,nudge,nudge,14,18,10,5,TRUE,TRUE
E1073,H78,washing_machine,ok,immediate_usage,FALSE,baseline,baseline,1,9,-3,6,TRUE,TRUE
E1074,H78,phone_charging,ok,immediate_usage,FALSE,baseline,baseline,1,9,-3,6,TRUE,TRUE
E1075,H78,phone_charging,ok,immediate_usage,FALSE,baseline,baseline,2,9,-2,7,TRUE,TRUE
E1076,H78,phone_charging,great,immediate_usage,FALSE,baseline,baseline,2,10,-3,6,TRUE,TRUE
E1077,H78,phone_charging,great,immediate_usage,FALSE,baseline,baseline,3,11,-2,7,TRUE,TRUE
E1078,H78,washing_machine,bad,immediate_usage,FALSE,baseline,baseline,3,21,-2,7,TRUE,TRUE
E1079,H78,phone_charging,bad,immediate_usage,FALSE,baseline,baseline,3,22,-2,7,TRUE,TRUE
E1080,H78,washing_machine,bad,immediate_usage,FALSE,baseline,baseline,4,19,-1,1,TRUE,TRUE
E1081,H78,phone_charging,bad,immediate_usage,FALSE,baseline,baseline,4,20,-1,1,TRUE,TRUE
E1082,H78,phone_charging,bad,immediate_usage,FALSE,baseline,baseline,4,22,-1,1,TRUE,TRUE
E1083,H78,phone_charging,ok,immediate_usage,FALSE,baseline,baseline,5,18,0,2,TRUE,TRUE
E1084,H78,phone_charging,bad,immediate_usage,FALSE,baseline,baseline,5,23,0,2,TRUE,TRUE
E1085,H78,phone_charging,bad,immediate_usage,FALSE,baseline,baseline,6,21,1,3,TRUE,TRUE
E1086,H78,phone_charging,ok,immediate_usage,FALSE,baseline,baseline,7,17,2,4,TRUE,TRUE
E1087,H78,phone_charging,great,nudge_accept,FALSE,nudge,nudge,8,11,3,5,TRUE,TRUE
E1088,H78,phone_charging,bad,nudge_accept,FALSE,nudge,nudge,9,4,5,7,TRUE,TRUE
E1089,H78,phone_charging,great,nudge_accept,FALSE,nudge,nudge,9,10,4,6,TRUE,TRUE
E1090,H78,washing_machine,ok,nudge_accept,FALSE,nudge,nudge,10,17,5,7,TRUE,TRUE
E1091,H78,phone_charging,ok,nudge_accept,FALSE,nudge,nudge,10,17,5,7,TRUE,TRUE
E1092,H78,phone_charging,bad,nudge_accept,FALSE,nudge,nudge,11,23,6,1,TRUE,TRUE
E1093,H78,phone_charging,great,nudge_accept,FALSE,nudge,nudge,12,16,7,2,TRUE,TRUE
E1094,H78,phone_charging,bad,nudge_accept,FALSE,nudge,nudge,12,22,7,2,TRUE,TRUE
E1095,H78,phone_charging,bad,nudge_accept,FALSE,nudge,nudge,13,1,9,4,TRUE,TRUE
E1096,H78,phone_charging,great,nudge_accept,FALSE,nudge,nudge,13,12,8,3,TRUE,TRUE
E1097,H78,phone_charging,bad,nudge_accept,FALSE,nudge,nudge,14,1,10,5,TRUE,TRUE
E1098,H79,dishwasher,great,immediate_usage,FALSE,baseline,baseline,1,13,9,4,FALSE,TRUE
E1099,H79,phone_charging,great,immediate_usage,FALSE,baseline,baseline,1,16,9,4,FALSE,TRUE
E1100,H79,washing_machine,ok,immediate_usage,FALSE,baseline,baseline,2,8,10,5,FALSE,TRUE
E1101,H79,washing_machine,bad,immediate_usage,FALSE,baseline,baseline,3,7,12,7,FALSE,TRUE
E1102,H79,phone_charging,bad,immediate_usage,FALSE,baseline,baseline,3,7,12,7,FALSE,TRUE
E1103,H79,washing_machine,ok,immediate_usage,FALSE,baseline,baseline,4,18,12,7,FALSE,TRUE
E1104,H79,phone_charging,bad,immediate_usage,FALSE,baseline,baseline,5,7,14,2,FALSE,TRUE
E1105,H79,phone_charging,great,immediate_usage,FALSE,baseline,baseline,5,11,13,1,FALSE,TRUE
E1106,H79,phone_charging,ok,immediate_usage,FALSE,baseline,baseline,6,17,14,2,FALSE,TRUE
E1107,H79,dishwasher,bad,immediate_usage,FALSE,baseline,baseline,6,22,14,2,FALSE,TRUE
E1108,H79,phone_charging,ok,nudge_accept,FALSE,nudge,nudge,8,8,17,5,FALSE,TRUE
E1109,H79,phone_charging,great,nudge_accept,FALSE,nudge,nudge,8,10,16,4,FALSE,TRUE
E1110,H79,washing_machine,bad,nudge_accept,FALSE,nudge,nudge,11,19,19,7,FALSE,TRUE
E1111,H79,phone_charging,great,nudge_accept,FALSE,nudge,nudge,12,10,20,1,FALSE,TRUE
E1112,H79,phone_charging,ok,nudge_accept,FALSE,nudge,nudge,13,8,21,2,FALSE,TRUE
E1113,H79,phone_charging,ok,nudge_accept,FALSE,nudge,nudge,14,9,22,3,FALSE,TRUE
E1114,H79,washing_machine,ok,nudge_accept,FALSE,nudge,nudge,14,9,22,3,FALSE,TRUE
