household_code,clock_region,record_integrity_excluded,full_14_day_opportunity,paired_contributor_locked,primary_population
H01,Germany,FALSE,TRUE,FALSE,FALSE
H02,East/Southeast Asia,FALSE,TRUE,TRUE,TRUE
H03,Germany,FALSE,TRUE,FALSE,FALSE
H04,East/Southeast Asia,FALSE,TRUE,TRUE,TRUE
H05,East/Southeast Asia,FALSE,TRUE,TRUE,TRUE
H06,Germany,FALSE,TRUE,TRUE,TRUE
H07,Germany,FALSE,TRUE,TRUE,TRUE
H08,East/Southeast Asia,FALSE,TRUE,TRUE,TRUE
H09,East/Southeast Asia,FALSE,TRUE,TRUE,TRUE
H10,East/Southeast Asia,FALSE,TRUE,TRUE,TRUE
H11,Germany,FALSE,TRUE,TRUE,TRUE
H12,Germany,FALSE,TRUE,TRUE,TRUE
H13,Germany,FALSE,TRUE,TRUE,TRUE
H14,Germany,FALSE,TRUE,TRUE,TRUE
H15,Germany,FALSE,FALSE,FALSE,FALSE
H16,,TRUE,TRUE,FALSE,FALSE
H17,East/Southeast Asia,FALSE,TRUE,TRUE,TRUE
H18,,TRUE,TRUE,FALSE,FALSE
H19,,TRUE,TRUE,FALSE,FALSE
H20,Germany,FALSE,TRUE,FALSE,FALSE
H21,Germany,FALSE,TRUE,TRUE,TRUE
H22,East/Southeast Asia,FALSE,TRUE,TRUE,TRUE
H23,Germany,FALSE,TRUE,TRUE,TRUE
H24,Germany,FALSE,TRUE,TRUE,TRUE
H25,Germany,FALSE,TRUE,TRUE,TRUE
H26,East/Southeast Asia,FALSE,TRUE,TRUE,TRUE
H27,Germany,FALSE,TRUE,TRUE,TRUE
H28,,TRUE,TRUE,FALSE,FALSE
H29,,TRUE,TRUE,FALSE,FALSE
H30,Germany,FALSE,TRUE,FALSE,FALSE
H31,East/Southeast Asia,FALSE,TRUE,TRUE,TRUE
H32,,TRUE,TRUE,FALSE,FALSE
H33,Germany,FALSE,TRUE,TRUE,TRUE
H34,,TRUE,TRUE,FALSE,FALSE
H35,Germany,FALSE,TRUE,FALSE,FALSE
H36,,TRUE,TRUE,FALSE,FALSE
H37,Germany,FALSE,TRUE,TRUE,TRUE
H38,Germany,FALSE,TRUE,FALSE,FALSE
H39,Germany,FALSE,TRUE,FALSE,FALSE
H40,East/Southeast Asia,FALSE,TRUE,TRUE,TRUE
H41,Germany,FALSE,TRUE,TRUE,TRUE
H42,Germany,FALSE,TRUE,TRUE,TRUE
H43,,TRUE,TRUE,FALSE,FALSE
H44,,TRUE,TRUE,FALSE,FALSE
H45,East/Southeast Asia,FALSE,TRUE,FALSE,FALSE
H46,Germany,FALSE,TRUE,TRUE,TRUE
H47,,TRUE,TRUE,FALSE,FALSE
H48,Germany,FALSE,TRUE,FALSE,FALSE
H49,East/Southeast Asia,FALSE,TRUE,TRUE,TRUE
H50,,TRUE,TRUE,FALSE,FALSE
H51,East/Southeast Asia,FALSE,TRUE,TRUE,TRUE
H52,Germany,FALSE,TRUE,TRUE,TRUE
H53,,TRUE,TRUE,FALSE,FALSE
H54,Germany,FALSE,TRUE,TRUE,TRUE
H55,East/Southeast Asia,FALSE,TRUE,FALSE,FALSE
H56,,TRUE,TRUE,FALSE,FALSE
H57,,TRUE,TRUE,FALSE,FALSE
H58,,TRUE,TRUE,FALSE,FALSE
H59,Germany,FALSE,TRUE,TRUE,TRUE
H60,Germany,FALSE,TRUE,TRUE,TRUE
H61,East/Southeast Asia,FALSE,TRUE,TRUE,TRUE
H62,East/Southeast Asia,FALSE,TRUE,TRUE,TRUE
H63,,TRUE,TRUE,FALSE,FALSE
H64,Germany,FALSE,TRUE,TRUE,TRUE
H65,,TRUE,TRUE,FALSE,FALSE
H66,Germany,FALSE,TRUE,TRUE,TRUE
H67,,TRUE,TRUE,FALSE,FALSE
H68,Germany,FALSE,TRUE,FALSE,FALSE
H69,Germany,FALSE,TRUE,TRUE,TRUE
H70,East/Southeast Asia,FALSE,TRUE,FALSE,FALSE
H71,East/Southeast Asia,FALSE,TRUE,FALSE,FALSE
H72,Germany,FALSE,TRUE,TRUE,TRUE
H73,Germany,FALSE,FALSE,TRUE,FALSE
H74,Germany,FALSE,TRUE,TRUE,TRUE
H75,,TRUE,TRUE,FALSE,FALSE
H76,,TRUE,TRUE,FALSE,FALSE
H77,Germany,FALSE,TRUE,TRUE,TRUE
H78,Germany,FALSE,TRUE,TRUE,TRUE
H79,Germany,FALSE,FALSE,TRUE,FALSE
