local_date,phase,events
2026-08-28,baseline,4
2026-08-29,baseline,26
2026-08-30,baseline,28
2026-08-31,baseline,36
2026-09-01,baseline,45
2026-09-02,baseline,54
2026-09-03,baseline,59
2026-09-04,baseline,35
2026-09-04,nudge,5
2026-09-05,baseline,42
2026-09-05,nudge,9
2026-09-06,baseline,31
2026-09-06,nudge,22
2026-09-07,baseline,37
2026-09-07,nudge,24
2026-09-08,baseline,33
2026-09-08,nudge,25
2026-09-09,baseline,25
2026-09-09,nudge,37
2026-09-10,baseline,19
2026-09-10,nudge,39
2026-09-11,baseline,16
2026-09-11,nudge,41
2026-09-12,baseline,15
2026-09-12,nudge,26
2026-09-13,baseline,10
2026-09-13,nudge,19
2026-09-14,baseline,5
2026-09-14,nudge,15
2026-09-15,baseline,6
2026-09-15,nudge,23
2026-09-16,baseline,1
2026-09-16,nudge,12
2026-09-17,baseline,4
2026-09-17,nudge,15
2026-09-18,baseline,2
2026-09-18,nudge,12
2026-09-19,baseline,2
2026-09-19,nudge,7
2026-09-20,nudge,7
2026-09-21,nudge,3
2026-09-22,nudge,2
2026-09-23,nudge,4
