window_ordered,phase,proportion,lower,upper,weighting
bad,baseline,0.5042735042735043,0.4371089904337327,0.5802487728692548,Event weighted
bad,nudge,0.4041916167664671,0.3224930244864579,0.4855371693218356,Event weighted
ok,baseline,0.18162393162393162,0.1421283759434108,0.2222222222222222,Event weighted
ok,nudge,0.19161676646706588,0.12091413488472313,0.2687401874202727,Event weighted
great,baseline,0.3141025641025641,0.24657209634486787,0.3793120220045619,Event weighted
great,nudge,0.4041916167664671,0.31420744391065325,0.4986930294906161,Event weighted
bad,baseline,0.5469509435200116,0.4695650926664611,0.6272017630761808,Equal household
bad,nudge,0.39949755931898795,0.31800762729334164,0.48284864028167607,Equal household
ok,baseline,0.1692760356219676,0.12437756767088727,0.21676152891982378,Equal household
ok,nudge,0.18929628572485716,0.11747795194223767,0.26779568645640067,Equal household
great,baseline,0.2837730208580208,0.21542936803648027,0.3575916441354643,Equal household
great,nudge,0.41120615495615487,0.32442095272452415,0.5026255862193363,Equal household
