label,OR,lower,upper,group
Primary model,1.803530056576712,1.349403700524464,2.4176649643798056,primary
Calendar-adjusted,1.03400547445404,0.6308747264638142,1.694737919196467,calendar
Overlap dates only,0.8537546270446063,0.4902320332585148,1.486840748359878,calendar
Great vs. rest,1.7464951569481884,1.2520950638441373,2.436113216418826,other
Ok/great vs. bad,1.8286804557652885,1.3222484289447205,2.52908011542644,other
Immediate only,1.8773341395424048,1.333298578833232,2.6433565050190073,other
Excl. phone charging,2.490964634703272,1.4426755395434394,4.300970413143665,other
Waits as bad uses,1.7083102000482089,1.2791342549589513,2.281483533315589,other
Incl. overwritten,1.7742777806704184,1.368647650271929,2.300125706097749,other
