phase,appliance,window_ordered,events,proportion
baseline,dishwasher,bad,22,0.4583333333333333
baseline,dishwasher,ok,7,0.14583333333333334
baseline,dishwasher,great,19,0.3958333333333333
baseline,washing_machine,bad,35,0.30701754385964913
baseline,washing_machine,ok,29,0.2543859649122807
baseline,washing_machine,great,50,0.43859649122807015
baseline,phone_charging,bad,179,0.5849673202614379
baseline,phone_charging,ok,49,0.16013071895424835
baseline,phone_charging,great,78,0.2549019607843137
nudge,dishwasher,bad,9,0.28125
nudge,dishwasher,ok,8,0.25
nudge,dishwasher,great,15,0.46875
nudge,washing_machine,bad,15,0.19230769230769232
nudge,washing_machine,ok,14,0.1794871794871795
nudge,washing_machine,great,49,0.6282051282051282
nudge,phone_charging,bad,111,0.4955357142857143
nudge,phone_charging,ok,42,0.1875
nudge,phone_charging,great,71,0.3169642857142857
