measure,value
late_21_23_baseline,135
late_21_23_nudge,64
late_imm_phone_baseline,86
late_imm_phone_nudge,35
late_retro_phone_baseline,20
late_retro_phone_nudge,22
retro_baseline,102
retro_nudge,96
retro_bad_baseline,49
retro_bad_nudge,40
retro_bad_share_baseline,48.0
retro_bad_share_nudge,41.7
imm_bad_share_baseline,51.1
imm_bad_share_nudge,39.9
raw_bad_share_baseline,50.4
raw_bad_share_nudge,40.4
registrations_drop,134
tipping_point_bad_uses,68
tipping_point_per_household,1.6
hh_bad_share_lower,29
hh_bad_share_higher,9
hh_bad_share_equal,4
hh_total_fewer,32
hh_total_more,6
local_label_disagreements,6
dialogs,106
dialogs_phone,88
waits_phone,8
dialogs_washing,13
waits_washing,1
dialogs_dishwasher,5
waits_dishwasher,0
suggested_wait_median,12
suggested_wait_q1,10
suggested_wait_q3,13
suggested_wait_min,3
suggested_wait_max,15
