phase,study_day,window,events
baseline,1,bad,43
baseline,1,great,30
baseline,1,ok,16
baseline,2,bad,38
baseline,2,great,25
baseline,2,ok,15
baseline,3,bad,34
baseline,3,great,17
baseline,3,ok,6
baseline,4,bad,38
baseline,4,great,22
baseline,4,ok,11
baseline,5,bad,33
baseline,5,great,13
baseline,5,ok,19
baseline,6,bad,25
baseline,6,great,20
baseline,6,ok,7
baseline,7,bad,25
baseline,7,great,20
baseline,7,ok,11
nudge,8,bad,26
nudge,8,great,17
nudge,8,ok,5
nudge,9,bad,24
nudge,9,great,21
nudge,9,ok,9
nudge,10,bad,17
nudge,10,great,18
nudge,10,ok,16
nudge,11,bad,18
nudge,11,great,21
nudge,11,ok,11
nudge,12,bad,23
nudge,12,great,16
nudge,12,ok,10
nudge,13,bad,15
nudge,13,great,25
nudge,13,ok,5
nudge,14,bad,12
nudge,14,great,17
nudge,14,ok,8
