phase,local_hour,source,window,events
baseline,0,immediate,bad,15
baseline,0,retrospective,bad,3
baseline,1,immediate,bad,6
baseline,1,retrospective,bad,3
baseline,2,immediate,bad,1
baseline,2,retrospective,bad,1
baseline,3,immediate,bad,1
baseline,4,immediate,bad,1
baseline,5,immediate,bad,3
baseline,5,retrospective,bad,1
baseline,6,immediate,bad,5
baseline,7,immediate,bad,9
baseline,7,retrospective,bad,6
baseline,8,immediate,ok,14
baseline,8,retrospective,ok,6
baseline,9,immediate,ok,22
baseline,9,retrospective,ok,3
baseline,10,immediate,great,18
baseline,10,retrospective,great,6
baseline,11,immediate,great,21
baseline,11,retrospective,great,1
baseline,12,immediate,great,9
baseline,12,retrospective,great,3
baseline,13,immediate,great,18
baseline,13,retrospective,great,5
baseline,14,immediate,great,9
baseline,14,retrospective,great,4
baseline,15,immediate,great,20
baseline,15,retrospective,great,7
baseline,16,immediate,great,20
baseline,16,retrospective,great,5
baseline,17,immediate,ok,18
baseline,17,retrospective,great,1
baseline,17,retrospective,ok,7
baseline,18,immediate,ok,9
baseline,18,retrospective,ok,4
baseline,19,immediate,bad,17
baseline,19,immediate,ok,1
baseline,19,retrospective,bad,2
baseline,19,retrospective,ok,1
baseline,20,immediate,bad,20
baseline,20,retrospective,bad,7
baseline,21,immediate,bad,34
baseline,21,retrospective,bad,8
baseline,22,immediate,bad,43
baseline,22,retrospective,bad,8
baseline,23,immediate,bad,32
baseline,23,retrospective,bad,10
nudge,0,immediate,bad,15
nudge,0,retrospective,bad,4
nudge,1,immediate,bad,4
nudge,1,retrospective,bad,1
nudge,2,retrospective,bad,3
nudge,4,immediate,bad,1
nudge,5,immediate,bad,2
nudge,6,immediate,bad,2
nudge,6,retrospective,bad,1
nudge,7,immediate,bad,8
nudge,7,retrospective,bad,1
nudge,8,immediate,ok,13
nudge,8,retrospective,ok,4
nudge,9,immediate,ok,13
nudge,9,retrospective,ok,6
nudge,10,immediate,great,15
nudge,10,retrospective,great,5
nudge,11,immediate,great,14
nudge,11,retrospective,great,7
nudge,12,immediate,great,16
nudge,13,immediate,great,9
nudge,13,retrospective,great,8
nudge,14,immediate,great,9
nudge,14,immediate,ok,1
nudge,14,retrospective,great,4
nudge,15,immediate,great,16
nudge,15,retrospective,great,7
nudge,16,immediate,great,17
nudge,16,retrospective,great,6
nudge,17,immediate,ok,8
nudge,17,retrospective,ok,6
nudge,18,immediate,ok,10
nudge,18,retrospective,ok,3
nudge,19,immediate,bad,5
nudge,19,retrospective,bad,4
nudge,20,immediate,bad,19
nudge,20,immediate,great,2
nudge,20,retrospective,bad,1
nudge,21,immediate,bad,8
nudge,21,retrospective,bad,8
nudge,22,immediate,bad,19
nudge,22,retrospective,bad,4
nudge,23,immediate,bad,12
nudge,23,retrospective,bad,13
