analysis,family,n_events,n_households,beta,se,OR,lower,upper,interval,warnings
Primary,Ordinal CLMM,802,42,0.5897458869152452,0.14867154627269027,1.803530056576712,1.349403700524464,2.4176649643798056,Profile likelihood 95%,
All eligible events (including incomplete),Ordinal CLMM,882,58,0.583881735670184,0.1438511922564857,1.7929848331617562,1.3524711475726392,2.376978331639736,Wald 95%,
Observed Phase-2 exposure,Ordinal CLMM,802,42,0.6388215909978264,0.15042191151926879,1.8942473654192267,1.410571081061263,2.543773319596251,Wald 95%,
High-load appliances only,Ordinal CLMM,272,41,0.9126700389505472,0.27865848763413753,2.490964634703272,1.4426755395434394,4.300970413143665,Wald 95%,
Immediate registrations only,Ordinal CLMM,604,42,0.629852759631292,0.17459018030321832,1.8773341395424048,1.3332985788332319,2.6433565050190073,Wald 95%,
Exclude four phase-crossing backdates,Ordinal CLMM,798,42,0.5840015444870293,0.14896419639818423,1.793199661422142,1.339145494053511,2.401206620194171,Wald 95%,
Backdates assigned by registration time,Ordinal CLMM,802,42,0.5744134900738621,0.1484902766323662,1.7760885278212362,1.3275996641315035,2.376085610658713,Wald 95%,
Retain duplicate-flagged events,Ordinal CLMM,835,42,0.5348795719485898,0.14632842895592243,1.707242629970505,1.2815571361476708,2.2743249718464016,Wald 95%,
"All eligible events, full opportunity only",Ordinal CLMM,849,55,0.5895524876410096,0.14738159155381836,1.8031812888995027,1.3507831943509132,2.407094472477269,Wald 95%,
Paired contributors including incomplete,Ordinal CLMM,829,44,0.5802005312569798,0.14535395886875574,1.786396623194796,1.3435384552832341,2.375230037378442,Wald 95%,
Great versus ok/bad,Binary GLMM,802,42,0.5576110122567184,0.16979225146599378,1.7464951569481884,1.2520950638441373,2.436113216418826,Wald 95%,
Great/ok versus bad,Binary GLMM,802,42,0.6035946443394454,0.16543928650219705,1.8286804557652885,1.3222484289447205,2.52908011542644,Wald 95%,
Household-stratified: great,Conditional logistic,760,38,0.5944038708979327,0.17100931443372724,1.8119504665352313,1.2959261517184368,2.5334502963951055,Wald 95%,
Household-stratified: great/ok,Conditional logistic,768,39,0.6508190468120334,0.16599438221722204,1.9171103893071537,1.384681373123918,2.654265678823799,Wald 95%,
Weekday and linear calendar-day adjustment,Ordinal CLMM,802,42,0.03344007051520081,0.2520857338873622,1.0340054744540401,0.6308747264638142,1.6947379191964673,Wald 95%,
"Calendar-overlap dates only, adjusted",Ordinal CLMM,514,42,-0.1581114484402497,0.2830433746215954,0.8537546270446063,0.4902320332585148,1.486840748359878,Wald 95%,
Random phase slope (Laplace),Ordinal CLMM,802,42,0.6285018599954851,0.17949963594861212,1.8747997617674377,1.3187476991709246,2.6653120600195064,Wald 95%,
